id,user_id,pid,age,gender,district,family_diabetes,family_hypertension,family_cvd,family_stroke,diabetes_history,hypertension,cvd,stroke,allergies,pregnancies,bp_systolic,bp_diastolic,height,weight,bmi,pulse_rate,blood_glucose,cholesterol,hemoglobin,creatinine,ecg_result,symptoms,diagnosis,smoking,physical_activity,alcohol,sleep_hours,sound_sleep
b4662b64-1461-4a01-80f8-6a85b203116a,57a7a4f1-3b7f-4f0e-a3fe-588014c2f446,BD-SYN-000001,22,Male,Feni,False,False,False,False,False,False,False,False,,,130,86,172.6,57.8,19.4,78,103.3,144.6,12.4,0.91,Normal,Joint pain,No major diagnosed condition,Never,Light,Occasional,7.8,True
83ba4415-1aef-4f9a-8a76-bbf2139e115b,fac5fa86-ee5d-4a36-91a3-c88cae39def0,BD-SYN-000002,54,Male,Cox's Bazar,True,False,False,False,False,True,False,False,Dust;Pollen,,134,77,164.2,77.4,28.7,84,99.8,179.8,13.5,1.04,Normal,Increased thirst;Frequent urination,Hypertension,Never,Light,Never,6.4,False
843e8398-a4b5-4b78-aba9-8ac48c2d6aad,1f5cb042-1f96-454d-bb88-301ad87818e1,BD-SYN-000003,19,Female,Comilla,False,False,False,False,False,False,False,False,,0,116,79,147.2,42.0,19.4,79,111.8,183.8,11.3,0.68,Normal,Dizziness,No major diagnosed condition,Never,Moderate,Occasional,6.7,True
e8857f19-09f4-44e0-a0d4-3a39befc3253,8665dfa4-2453-4049-85e4-126a4691ebfe,BD-SYN-000004,43,Male,Kushtia,False,False,True,True,False,False,False,False,Pollen,,120,80,169.9,63.5,22.0,62,82.3,181.2,14.1,0.81,Normal,Fatigue,No major diagnosed condition,Occasional,Light,Never,7.3,False
2ecdfdc6-c380-477e-85fd-e0d54cd6a957,50f10666-c336-4fbb-a36a-e4e5b3dfecb3,BD-SYN-000005,70,Male,Kishoreganj,False,False,True,False,False,True,False,False,NSAIDs,,134,97,166.4,81.1,29.3,74,99.5,186.4,15.1,0.75,Sinus bradycardia,Fatigue;Headache,Hypertension,Never,Light,Regular,7.0,True
3a8beb34-671b-4bf1-910f-fb0507697a18,a612deba-eac9-4407-99fb-2dfb2cbf91c5,BD-SYN-000006,46,Male,Thakurgaon,True,False,False,False,False,False,False,False,,,143,93,166.1,71.7,26.0,84,90.1,198.9,15.5,0.98,Normal,Poor sleep,Elevated blood pressure,Never,Sedentary,Never,7.5,False
8c4d509e-ace1-4223-82f7-2a12e3ded762,8d8da19a-44ba-4b65-bf1c-a509c26e2a52,BD-SYN-000007,49,Female,Sylhet,True,True,True,False,False,True,False,False,Dust,1,145,94,153.7,84.8,35.9,87,104.8,180.4,13.3,0.81,Normal,Dizziness,Hypertension,Never,Light,Never,4.8,False
64ff6e61-39b3-4576-b58c-50d94267b789,8cff55ae-173c-4b75-95ae-e0b52efc480e,BD-SYN-000008,45,Male,Pabna,True,False,False,False,False,True,False,False,Dust;Pollen,,129,86,178.4,85.9,27.0,74,107.7,183.7,14.7,0.85,Normal,Palpitations,Hypertension,Never,Light,Regular,7.9,False
06d3a504-98eb-4ee6-ad80-a5c88d8eb66c,d968ce1f-2bf8-42a1-bfe8-b48af46c592d,BD-SYN-000009,35,Male,Comilla,False,False,False,False,False,False,False,False,Dust;Pollen,,102,74,165.9,64.7,23.5,66,109.7,125.3,14.2,1.18,Normal,Joint pain,No major diagnosed condition,Never,Sedentary,Never,6.7,True
d60aa7f0-bedd-4ce5-8949-92f5b74a8b8d,0aabd9e2-dc5d-450a-b94a-3d279ea8d0bb,BD-SYN-000010,21,Male,Gaibandha,False,False,False,False,False,False,False,False,Dust,,129,70,160.0,48.9,19.1,65,80.8,216.0,12.7,1.23,Nonspecific ST-T changes,Dizziness;Headache,No major diagnosed condition,Regular,Light,Never,5.5,False
2e690d00-b049-4f98-9a7f-054b090cddb1,8211970c-136b-43ee-bcf1-1c55a01851db,BD-SYN-000011,34,Female,Narail,True,False,False,False,False,False,False,False,,1,111,67,154.7,58.2,24.3,87,87.6,241.1,14.9,0.64,Normal,Increased thirst,No major diagnosed condition,Never,Sedentary,Never,7.1,False
1b573695-fee9-46c0-ad96-a99b91b6cad4,68ca59ce-900a-4414-ac46-5784928ffca5,BD-SYN-000012,28,Female,Rajshahi,True,True,False,False,False,False,False,False,,0,116,70,155.8,57.8,23.8,65,96.3,176.7,13.1,0.64,Normal,Chest discomfort,No major diagnosed condition,Never,Moderate,Never,4.9,False
976978a6-f8e6-426b-b935-ca6936572bc4,759277b8-a2ae-4dab-b845-743a9b3e0945,BD-SYN-000013,44,Female,Jhenaidah,False,False,False,False,False,False,False,False,Dust;Pollen,3,110,68,156.1,49.5,20.3,64,83.1,150.1,11.6,0.77,Normal,Poor sleep,No major diagnosed condition,Never,Active,Never,5.2,False
81d27b93-7900-4a5f-b1d7-c59de9d4a043,2d75da21-2933-417f-af4d-aa82318ad868,BD-SYN-000014,20,Male,Rangpur,True,False,False,False,False,False,False,False,,,113,81,168.5,74.1,26.1,68,103.9,174.2,14.7,1.04,Normal,Dizziness;Headache,No major diagnosed condition,Never,Moderate,Never,7.3,True
ee55511b-204f-4b06-ae22-82be7e0cc2e1,e7910214-47ef-4c80-a808-c9d26723b478,BD-SYN-000015,22,Male,Thakurgaon,False,False,False,False,False,False,False,False,,,114,74,174.6,67.7,22.2,73,92.2,206.7,13.4,1.09,Normal,Joint pain,No major diagnosed condition,Never,Light,Never,6.2,False
799cee8b-b78d-41f4-8cc1-9b79c63e1107,b631b097-3c5f-48a8-8d3c-e3c4cc5647a5,BD-SYN-000016,53,Female,Manikganj,True,False,False,False,False,False,False,False,,2,110,79,153.8,60.3,25.5,87,87.7,163.5,12.6,0.68,Normal,Dizziness,No major diagnosed condition,Never,Light,Never,6.4,False
49df4d14-bf1d-40a6-8503-a45c4d67fc10,e0e24c92-3ac9-40db-95ed-903eb70f7fe0,BD-SYN-000017,43,Male,Bogura,True,False,False,True,False,False,False,False,,,118,84,166.8,69.8,25.1,59,67.5,179.2,12.4,0.87,Normal,Headache,No major diagnosed condition,Never,Moderate,Never,6.3,False
d96a3302-b109-4b20-9c4b-019a68759198,3aea37b3-b4b3-462e-9dcc-17fc36d046db,BD-SYN-000018,46,Female,Khulna,False,False,False,False,False,False,False,False,,2,125,81,144.1,47.8,23.0,77,119.9,155.0,12.9,0.74,Normal,Back pain,No major diagnosed condition,Never,Sedentary,Never,6.6,True
1f9be880-c5aa-46c3-9a40-20b5a53b65b6,c7adc5ac-4d99-4f3b-8405-167ca8de21d2,BD-SYN-000019,55,Male,Dinajpur,False,False,False,False,False,False,False,False,Dust,,128,79,180.8,84.3,25.8,69,84.0,122.5,14.4,0.55,Normal,Fatigue;Headache,No major diagnosed condition,Never,Sedentary,Never,7.2,False
9bf10ba6-0cb1-46bc-baa3-0c2206848613,0d23c82f-a95b-455f-b15f-2e57b401b1bf,BD-SYN-000020,72,Male,Bogura,False,True,True,False,True,True,True,False,Pollen,,149,86,164.3,68.8,25.5,92,190.7,263.3,13.0,1.43,Nonspecific ST-T changes,Shortness of breath,Diabetes mellitus; Hypertension; Cardiovascular disease,Never,Sedentary,Never,7.5,True
97e430b4-6c2d-4d31-812d-6b666ea294e7,ecdbdb03-b162-4fb6-a886-d1a4057fd0b7,BD-SYN-000021,65,Female,Madaripur,True,False,True,False,False,True,True,False,,3,138,82,166.4,67.6,24.4,66,96.8,197.0,10.7,0.92,Normal,Headache,Hypertension; Cardiovascular disease,Never,Moderate,Never,7.8,True
e4091a2c-2919-4924-9895-628a19b9fded,d98948ba-6e39-4684-824a-e13cee0dd450,BD-SYN-000022,75,Male,Magura,True,False,False,False,True,True,False,False,,,147,82,174.2,90.1,29.7,72,145.2,215.3,13.5,1.13,Nonspecific ST-T changes,Chest discomfort,Diabetes mellitus; Hypertension,Never,Sedentary,Regular,6.6,False
3d08faac-a340-4f1a-a2b7-ad6a200c46c0,7e933fe6-6ff5-45cb-8758-ce7c6cf9992d,BD-SYN-000023,65,Male,Natore,True,False,False,False,False,True,False,False,,,151,99,160.5,72.6,28.2,70,104.8,194.9,11.4,0.84,Nonspecific ST-T changes,Dizziness;Headache,Hypertension,Never,Moderate,Never,7.3,False
845f388d-4465-4055-9542-4a6776321203,35783ac2-93c3-4597-a8b0-139139d7c4be,BD-SYN-000024,31,Female,Patuakhali,False,False,False,False,False,False,False,False,Penicillin,0,107,82,155.1,61.8,25.7,62,83.7,113.3,10.5,0.69,Normal,None,No major diagnosed condition,Never,Sedentary,Never,8.4,True
82aa33e6-5a82-47d2-a039-ff57dbc411fa,fd81e876-021c-4c80-b8bb-f820dbfd0dd1,BD-SYN-000025,25,Female,Natore,True,False,False,False,False,False,False,False,,1,121,79,157.0,58.9,23.9,74,85.6,203.1,13.4,0.82,Normal,Joint pain,No major diagnosed condition,Never,Moderate,Never,6.1,False
b0570ba7-e41c-4caf-ac65-e0f34274bbab,42754dfd-aefc-45ab-abe6-fa250b78b82e,BD-SYN-000026,51,Female,Bogura,True,True,False,False,False,False,False,False,,2,99,74,155.7,68.4,28.2,73,75.1,205.3,12.4,0.9,Normal,None,No major diagnosed condition,Never,Sedentary,Never,5.4,False
e32925dd-4e1f-4e2f-bd03-1a555299c912,4ed455c5-94c7-4301-8b01-b6e90c37309d,BD-SYN-000027,42,Male,Netrokona,False,False,False,False,False,True,False,False,,,112,91,167.7,66.4,23.6,88,102.6,185.7,16.1,0.85,Normal,Increased thirst;Frequent urination,Hypertension,Never,Moderate,Never,6.9,True
8a2bc222-5483-4018-8b32-736003160c0f,00cf330c-8e36-455e-87cb-6cf1a37bdd32,BD-SYN-000028,65,Male,Rangpur,True,False,True,True,False,False,False,False,,,127,85,164.4,71.6,26.5,80,96.3,216.5,15.6,0.93,Normal,Increased thirst,No major diagnosed condition,Occasional,Moderate,Occasional,8.2,False
55fb267d-e45e-4321-ac89-5acb10cc4845,b7474801-3360-4909-82be-8cb02e47f07c,BD-SYN-000029,27,Male,Tangail,False,False,False,False,False,False,False,False,,,108,72,152.5,63.5,27.3,68,81.3,167.3,13.4,0.96,Normal,Dizziness;Headache,No major diagnosed condition,Never,Sedentary,Never,7.6,False
945e1388-f903-49f5-8fb9-50e7dd792a49,f4989d39-7353-43cd-86fe-e1db1f032c47,BD-SYN-000030,43,Male,Shariatpur,False,False,False,False,False,False,False,False,,,112,67,173.9,68.9,22.8,87,76.2,127.5,12.6,0.95,Normal,Palpitations,No major diagnosed condition,Never,Light,Never,8.5,True
80e04e26-5933-463e-b7c7-284a9853943c,d72907a9-88e9-4918-8c0a-67bf3bd270ad,BD-SYN-000031,34,Female,Satkhira,True,False,True,False,False,False,False,False,,1,120,77,154.2,58.3,24.5,74,117.8,221.4,13.6,0.75,Normal,Dizziness,No major diagnosed condition,Never,Light,Never,6.6,True
86114dae-bada-4d56-80b4-3d5567f2f430,7bd819ea-598b-4482-b12f-2bb478f271e9,BD-SYN-000032,47,Male,Gazipur,False,False,False,True,False,False,False,False,,,128,64,166.2,61.6,22.3,61,100.4,199.9,14.2,1.06,Normal,Dizziness;Headache,No major diagnosed condition,Occasional,Sedentary,Never,5.0,False
cd482a03-61fe-43d0-a085-9de256133884,65cacf3d-6e7b-4d88-9bda-5fd8b2c5b0a1,BD-SYN-000033,19,Male,Netrokona,False,False,False,False,False,False,False,False,NSAIDs,,96,80,173.0,76.9,25.7,92,90.9,142.6,12.7,1.03,Normal,Dizziness;Headache,No major diagnosed condition,Never,Light,Never,6.8,True
070f348e-456e-4d87-8c40-578521412eec,9a457744-8c06-41a2-b2f1-fcfe16094344,BD-SYN-000034,25,Female,Kurigram,False,False,False,False,False,False,False,False,Dust;Pollen,4,117,77,161.9,62.1,23.7,66,105.2,215.9,13.8,0.96,Normal,Fatigue,No major diagnosed condition,Never,Sedentary,Never,6.1,False
b4ad385a-30ff-4a01-807f-89d78ba2a4cc,0ed46405-0d0f-4aa5-8d6b-d12cdda766fc,BD-SYN-000035,49,Male,Tangail,False,True,False,False,True,False,True,False,,,122,84,180.5,89.3,27.4,75,153.3,201.9,14.2,0.95,Nonspecific ST-T changes,Chest discomfort,Diabetes mellitus; Cardiovascular disease,Regular,Moderate,Never,6.4,False
1ee6c8ce-79d3-4aea-ad45-9c13e46082fb,74c69aa2-5fcf-489e-8e5e-b034467b3045,BD-SYN-000036,78,Female,Bagerhat,False,True,True,False,False,False,False,False,NSAIDs,3,120,70,147.9,46.2,21.1,72,110.8,196.6,12.3,0.77,Normal,Fatigue;Headache,No major diagnosed condition,Never,Light,Never,7.5,True
36fb6934-e702-489d-a230-f2edf2b5a1e1,566954c1-64d9-4899-b822-98a5ffacc44d,BD-SYN-000037,74,Male,Kurigram,False,True,False,False,True,True,False,False,,,138,92,178.7,67.4,21.1,79,163.7,188.9,15.3,1.08,Normal,Joint pain,Diabetes mellitus; Hypertension,Never,Sedentary,Never,8.4,True
b29918a2-2b9b-4e98-b834-7cde8c01fab4,cac3f67d-43e5-4b70-b9ad-4400545f5c1d,BD-SYN-000038,51,Male,Netrokona,False,False,False,True,False,False,False,False,,,120,79,159.4,51.6,20.3,73,90.6,224.7,15.7,0.88,Normal,Back pain,No major diagnosed condition,Never,Moderate,Regular,6.9,False
d8b79e8c-2dda-4e9e-b5e2-6cbcdeeb2f99,42fd067c-55aa-44cc-8b95-bba999dc9142,BD-SYN-000039,21,Male,Patuakhali,False,False,False,False,False,False,False,False,,,120,80,176.6,79.8,25.6,67,94.0,229.5,16.2,0.96,Normal,Dizziness;Headache,No major diagnosed condition,Never,Sedentary,Never,5.5,False
b66f684e-32de-40ec-a2d8-5d516b25a3a9,9da55a15-38da-4585-9603-5f79280fa3a4,BD-SYN-000040,59,Female,Rangpur,False,False,False,False,False,False,False,False,,5,106,74,146.0,50.7,23.8,77,64.0,217.2,14.9,0.53,Normal,Increased thirst;Frequent urination,No major diagnosed condition,Never,Active,Never,5.7,False
b9974aa6-943b-4740-aff1-5a27fdd1cf0d,ad98ebd0-b2ad-4b66-b587-14fbcdfa8245,BD-SYN-000041,74,Male,Bagerhat,False,True,False,True,False,True,False,False,,,124,101,163.3,73.9,27.7,80,124.9,187.9,14.5,0.76,Nonspecific ST-T changes,Palpitations,Hypertension,Never,Sedentary,Never,8.5,False
94e7295f-d735-4c0f-be86-ce0161790094,8acebb40-6e22-4016-9737-f07a3e58b239,BD-SYN-000042,30,Male,Satkhira,True,False,False,False,False,True,False,False,Dust,,159,100,162.5,66.0,25.0,61,87.0,191.2,13.0,1.22,Normal,Frequent urination,Hypertension,Never,Active,Never,6.9,True
a848bf75-b467-41a8-a19f-8a9dc280d96a,475cde9e-933e-42ad-846f-6e2394742242,BD-SYN-000043,65,Male,Lakshmipur,True,False,False,False,False,False,False,False,,,114,83,163.3,73.1,27.4,70,102.9,253.1,15.6,1.05,Normal,Chest discomfort,No major diagnosed condition,Never,Light,Never,8.4,True
8f7a7a1c-36e8-442f-9159-52312e086782,f77f452b-b97c-445f-a1bd-d54b4e770b1f,BD-SYN-000044,70,Male,Panchagarh,False,False,False,True,True,False,False,False,NSAIDs,,108,84,179.7,96.6,29.9,78,156.9,117.4,15.8,1.24,Sinus tachycardia,Frequent urination,Diabetes mellitus,Never,Light,Never,6.6,False
c02e1913-57eb-46f4-9d5d-05a3cef7c8c4,ff383579-89cb-43ec-abb3-3e5618baefae,BD-SYN-000045,77,Female,Comilla,False,False,False,False,True,True,False,False,,2,147,88,157.2,80.1,32.4,77,184.5,201.6,12.0,0.99,Normal,Fatigue;Headache,Diabetes mellitus; Hypertension,Never,Sedentary,Never,7.3,True
618c866a-ee8f-46c7-89c1-b016806213d9,0d724c66-dfe8-4c4d-84ee-e73f932edc7d,BD-SYN-000046,65,Male,Patuakhali,False,False,False,False,False,False,True,False,,,107,75,174.8,77.3,25.3,70,88.5,259.6,15.8,0.74,Nonspecific ST-T changes,Chest discomfort,Cardiovascular disease,Never,Light,Never,6.3,False
98411de5-bcdc-4c52-b11e-16cb14e3dbb1,68c004c9-b29a-4ea9-9308-fb3c2c56ca0e,BD-SYN-000047,35,Female,Netrokona,False,False,False,False,False,False,False,False,,3,128,96,162.6,59.0,22.3,60,85.9,229.5,11.7,0.91,Normal,Increased thirst,Elevated blood pressure,Never,Sedentary,Never,7.0,True
50de5d6a-c6cc-4b24-ae3e-86e43d6aab91,c61290ab-5427-4732-9963-fe26e470088b,BD-SYN-000048,73,Male,Cox's Bazar,False,False,True,False,False,False,False,False,,,120,73,173.8,49.8,16.5,70,82.2,155.7,13.2,1.17,Normal,Headache,No major diagnosed condition,Never,Moderate,Never,7.5,False
05c01857-908e-44c3-a08f-643e1500690f,afd70e4e-e59a-4d61-a3bf-a733ba84b45b,BD-SYN-000049,50,Male,Lalmonirhat,False,True,True,True,False,True,False,False,,,151,101,164.8,63.0,23.2,70,100.8,152.3,15.3,1.02,Normal,None,Hypertension,Never,Moderate,Never,8.6,True
654eed35-bac1-4929-a9cb-06d2b2b77860,f7779853-afd1-4867-991e-29cb80dd6f01,BD-SYN-000050,25,Male,Natore,False,False,False,False,False,False,False,False,Dust,,117,73,161.7,65.9,25.2,60,71.7,182.9,15.2,1.19,Normal,Fatigue,No major diagnosed condition,Never,Sedentary,Never,8.4,True
91e23023-c4c1-4da0-a6f7-46a8651caeb3,60800495-5215-473d-a650-456808884bdb,BD-SYN-000051,76,Female,Bhola,True,True,False,False,False,False,False,False,,2,144,80,148.2,55.8,25.4,50,106.3,154.0,14.7,0.99,Normal,Back pain,Elevated blood pressure,Never,Light,Never,7.7,True
7cf868cb-0718-4f13-88c7-3b1a05d27597,d18d531c-14e9-40bb-a637-fc57231aa197,BD-SYN-000052,35,Male,Gaibandha,False,True,True,False,False,False,False,False,Pollen,,122,72,169.1,75.8,26.5,73,60,146.3,13.2,1.23,Normal,Fatigue,No major diagnosed condition,Never,Light,Never,7.4,True
80199bb7-d540-4a90-986c-0d121907f406,ba656573-02b8-4e74-b8a3-8288a570fb37,BD-SYN-000053,27,Male,Kishoreganj,False,False,False,False,False,False,False,False,,,124,73,170.0,68.5,23.7,80,98.3,164.4,11.7,0.82,Normal,Back pain,No major diagnosed condition,Never,Light,Never,7.6,True
142ff318-8ddc-4199-ab10-03c5171ec58e,53c91670-0d57-48ec-adeb-966477ecb51a,BD-SYN-000054,45,Male,Dinajpur,False,False,False,False,False,True,True,False,,,151,79,171.8,79.4,26.9,72,92.1,190.4,15.5,0.9,Nonspecific ST-T changes,Shortness of breath,Hypertension; Cardiovascular disease,Never,Sedentary,Never,6.5,True
0e92d6dd-e279-44eb-82fc-55dd4ba35770,dd196bbd-44ef-4fc7-af8e-d3d6eb942149,BD-SYN-000055,31,Male,Narail,False,True,False,False,False,False,False,False,,,135,84,171.9,72.7,24.6,67,87.1,162.9,14.6,1.37,Nonspecific ST-T changes,Poor sleep,No major diagnosed condition,Never,Sedentary,Never,6.5,True
5bd2a318-6d5e-48cf-a291-d7e31908578b,662de62b-e798-4899-a395-12a9a226e83d,BD-SYN-000056,52,Female,Munshiganj,True,True,False,False,False,False,False,False,Food,3,112,75,150.1,48.4,21.5,64,86.6,214.0,12.2,0.77,Normal,Palpitations,No major diagnosed condition,Never,Light,Never,7.3,True
25ef137d-acf0-4332-ae89-9f72cf373fee,fb321c1d-6237-44d4-a541-6ad2c225d9cd,BD-SYN-000057,24,Female,Noakhali,False,False,False,False,False,False,False,False,Penicillin,0,130,68,159.1,84.8,33.5,72,130.6,194.3,12.7,0.52,Normal,Headache,Obesity,Never,Sedentary,Never,5.8,False
66315019-7984-451a-9067-d12d0365b779,f810ba31-1d07-449e-b293-8a0e9fb16fc6,BD-SYN-000058,57,Male,Comilla,False,False,False,False,False,False,False,False,,,106,68,164.0,87.7,32.6,77,136.8,206.5,15.4,1.0,Normal,Headache,Obesity,Never,Sedentary,Never,5.3,False
097cab2b-5885-4a2f-af59-0e8326aa8ba7,87628ac0-1e36-4c9a-92ee-17f8df0e5c56,BD-SYN-000059,67,Female,Chattogram,True,False,True,False,False,False,False,False,,4,126,63,157.6,72.8,29.3,73,113.4,203.8,14.8,0.83,Normal,Frequent urination,No major diagnosed condition,Never,Moderate,Never,7.4,True
e0d6b13f-9712-4b5f-8bfc-77cc92f2e0c8,ef33c363-90e1-4f05-9201-8e8a12bfadd7,BD-SYN-000060,34,Female,Pirojpur,False,False,False,False,False,False,False,False,,1,126,83,153.3,73.3,31.2,77,117.7,148.8,12.4,0.8,Sinus bradycardia,Increased thirst;Frequent urination,Obesity,Never,Sedentary,Never,7.1,True
edd51f06-cbaf-4ee6-809e-a19eedf2dad2,f45173bc-42bc-40a6-9ccb-2df0e9183294,BD-SYN-000061,51,Female,Netrokona,False,True,False,False,False,False,False,False,Dust,4,120,86,158.8,51.7,20.5,68,69.5,275.6,11.7,0.7,Normal,Increased thirst;Frequent urination,No major diagnosed condition,Never,Sedentary,Never,7.5,True
7ff1ee0f-3703-4a86-9942-cb8539a1cb76,42d96858-44f0-4169-843b-e9c1d84f5a09,BD-SYN-000062,65,Female,Netrokona,True,False,False,False,False,False,False,False,,1,133,65,150.4,42.8,18.9,80,113.4,195.0,13.2,0.74,Normal,Palpitations,No major diagnosed condition,Never,Light,Never,7.0,True
6a77e395-132e-4666-b280-3637a5456547,3d1cb1d9-6c4f-40d8-b8b1-a0678fdaee17,BD-SYN-000063,34,Female,Bogura,False,False,False,False,False,False,False,False,,0,106,90,155.9,51.8,21.3,75,99.7,108.4,12.1,0.87,Normal,Back pain,Elevated blood pressure,Never,Light,Never,7.4,True
7bbff986-f332-4483-9c38-eb58260b399f,d535d3d0-38ae-4a52-a4d0-e75a4cb4d5bb,BD-SYN-000064,22,Female,Moulvibazar,False,True,True,False,False,False,False,False,,1,123,82,158.0,53.7,21.5,69,86.5,155.2,13.1,0.74,Nonspecific ST-T changes,Joint pain,No major diagnosed condition,Never,Light,Never,7.0,False
507de805-d979-48c0-b7af-f9cd2f806d33,a4bb7d19-de05-42f4-87f9-e7bec99332e6,BD-SYN-000065,58,Female,Chattogram,True,False,False,False,False,False,False,False,,4,109,75,154.4,68.2,28.6,70,68.6,206.8,11.3,0.68,Normal,Headache,No major diagnosed condition,Never,Sedentary,Never,7.6,True
b9ac6670-a45d-4e2c-8738-9ef46c156b38,7dd590e1-7779-4744-a26d-038272ba0bcf,BD-SYN-000066,39,Female,Dhaka,False,False,True,False,False,False,False,False,,1,127,78,150.4,76.5,33.8,74,103.4,211.9,11.3,0.88,Normal,Joint pain,Obesity,Never,Sedentary,Never,6.6,True
25a59f1e-ced3-48b1-8c76-7bcb6708df8f,9d2aa156-6b9b-4f9f-ab17-347a99d66369,BD-SYN-000067,28,Male,Munshiganj,True,True,False,False,False,False,False,False,,,127,58,163.3,47.7,17.9,73,88.2,178.7,13.6,1.09,Normal,Dizziness;Headache,No major diagnosed condition,Regular,Light,Never,5.1,False
9a7a2fa0-a58a-45a8-8bf8-57f7b2b02295,192c2e07-8790-4f38-9302-cf92b331225e,BD-SYN-000068,50,Female,Comilla,True,True,False,False,False,False,False,False,,5,98,69,164.9,76.1,28.0,76,97.8,167.2,13.7,0.63,Normal,Headache,No major diagnosed condition,Never,Light,Never,6.3,False
d8737295-6c73-4713-b369-5ad7fdfcd0af,28230628-e203-4cc8-88df-76a94d2f56dc,BD-SYN-000069,54,Female,Netrokona,False,False,True,False,False,False,False,False,,2,107,82,153.2,61.3,26.1,73,82.6,273.5,13.6,0.7,Normal,Joint pain,No major diagnosed condition,Never,Sedentary,Never,8.2,True
c4124962-3b15-4d2d-9d59-975bba78b175,90ae1f45-1457-4df2-8e94-40268ee8a338,BD-SYN-000070,70,Male,Bhola,True,True,False,True,False,False,False,False,,,119,83,173.1,57.2,19.1,68,125.8,166.0,14.8,0.89,Normal,Back pain,No major diagnosed condition,Never,Light,Occasional,6.9,True
6d174fce-7fee-41cc-9005-07e84b418457,05f8f0c4-4f50-406b-87b8-b1b331e4747a,BD-SYN-000071,26,Female,Noakhali,False,False,False,False,False,False,False,False,,1,121,72,158.2,59.1,23.6,77,101.6,214.1,12.0,0.63,Normal,Fatigue;Headache,No major diagnosed condition,Never,Sedentary,Never,6.8,False
89c2e5cf-a0c3-40d3-bf48-8f8de2039ee4,5bd04f79-9f7e-46cf-bdac-799a2d99aa12,BD-SYN-000072,48,Female,Dinajpur,False,False,True,False,False,False,False,False,,1,113,85,145.7,61.8,29.1,85,72.1,105,14.5,0.64,Normal,Palpitations,No major diagnosed condition,Never,Light,Never,5.8,False
cedf5096-7e39-479d-9655-41ea133aeec5,9f8aa81d-d555-4ed6-be24-559b01bb1047,BD-SYN-000073,65,Female,Netrokona,True,False,False,False,True,False,True,False,Pollen,2,120,78,161.9,68.9,26.3,63,145.2,221.2,13.0,0.94,Sinus tachycardia,Shortness of breath,Diabetes mellitus; Cardiovascular disease,Never,Moderate,Never,6.1,False
e3c67fcd-0d3b-47a8-ba68-b837f89bb619,4a59ee53-114d-4183-b87f-91e91318a9f1,BD-SYN-000074,76,Male,Pirojpur,True,True,False,False,False,False,False,False,,,101,78,175.4,72.9,23.7,61,101.5,142.5,16.5,0.94,Normal,Joint pain,No major diagnosed condition,Never,Active,Never,8.8,True
a173eb42-7541-4abe-aeda-9910d9c64722,93fac2a6-adb2-4813-b7a3-798972129838,BD-SYN-000075,35,Male,Naogaon,False,False,False,False,False,False,False,False,,,113,69,155.3,74.5,30.9,86,101.3,230.1,14.8,1.05,Normal,Joint pain,Obesity,Never,Light,Never,6.9,True
ead1a26a-4d65-4150-b4a7-a1e3f1104615,54d50682-fad0-497a-8a2e-db5e2b2fbc86,BD-SYN-000076,52,Female,Gazipur,True,True,False,False,False,False,False,False,Pollen,2,110,75,151.4,56.6,24.7,76,75.8,256.0,12.4,0.85,Normal,Shortness of breath,No major diagnosed condition,Never,Light,Never,4.0,False
8a4eda25-c12f-4129-8122-6d10d75a51b0,1795bc9e-a0ed-4918-8233-8ffa25776a84,BD-SYN-000077,38,Male,Khulna,False,False,True,False,False,False,False,False,,,114,75,176.1,64.2,20.7,72,89.0,181.2,14.2,1.11,Normal,Palpitations,No major diagnosed condition,Never,Light,Never,6.2,False
7bd96a48-cd12-4843-abd3-33e5a580f650,db66967e-3c64-426d-a558-ec9179b1099d,BD-SYN-000078,63,Female,Bagerhat,False,False,False,False,False,False,False,False,NSAIDs,3,110,57,160.1,48.2,18.8,71,76.7,194.4,13.4,0.45,Normal,Poor sleep,No major diagnosed condition,Never,Sedentary,Never,7.3,False
a7b746d2-7a37-4fde-83b4-b4b867eead29,023cd577-5656-487a-af84-e3351200cdf6,BD-SYN-000079,26,Female,Jamalpur,False,False,False,False,False,False,False,False,,0,104,70,167.2,78.0,27.9,75,84.1,226.0,10.7,0.64,Normal,Headache,No major diagnosed condition,Never,Sedentary,Never,6.4,False
ff7a218f-6813-42b9-a3be-6ace32492ca9,28805bc6-2b43-475d-8a71-5e963321d5de,BD-SYN-000080,72,Female,Cox's Bazar,False,True,False,False,False,True,False,False,Dust;Pollen,5,155,77,156.5,81.6,33.3,77,114.0,187.9,12.8,0.69,Normal,None,Hypertension,Never,Sedentary,Never,6.8,True
bc17dece-4fed-4476-8f5e-8ad6c56791ad,05d7e5ce-1c24-42d2-9338-c09ad2c5948a,BD-SYN-000081,66,Female,Chapainawabganj,True,True,False,False,True,False,False,False,Dust;Pollen,2,118,59,147.0,45.2,20.9,68,172.8,200.7,12.9,0.62,Sinus bradycardia,Frequent urination,Diabetes mellitus,Never,Moderate,Never,5.9,False
a5ace289-d672-4f56-bb57-935c0749d3cb,2901ee74-602f-408f-8182-c7131d099377,BD-SYN-000082,49,Male,Shariatpur,False,False,False,True,False,False,False,False,,,102,87,171.5,76.8,26.1,65,75.3,162.9,14.0,1.09,Normal,Dizziness,No major diagnosed condition,Never,Sedentary,Never,6.3,False
bda2e924-876c-49ab-b6f1-2ac87863cec8,85a1c734-5012-47ba-a66b-6f8cd3988424,BD-SYN-000083,42,Male,Feni,True,False,False,True,False,False,False,False,,,99,73,168.4,57.6,20.3,79,83.9,164.8,15.1,1.0,Normal,Headache,No major diagnosed condition,Never,Moderate,Never,5.8,False
d73b25d6-8228-45f1-b655-e7d2f87f932c,99189dc9-8b68-49c1-9d6b-8881c42e4b73,BD-SYN-000084,47,Female,Rangpur,False,False,False,False,False,False,False,False,,0,107,73,161.0,50.0,19.3,81,85.0,199.1,14.7,0.61,Sinus tachycardia,Dizziness;Headache,No major diagnosed condition,Never,Light,Never,6.6,False
c6923468-f7c3-4c7c-872a-0b4c75c7a902,73c5295e-107d-4739-adc6-ca888d525b55,BD-SYN-000085,18,Female,Kishoreganj,False,False,False,False,False,False,False,False,,0,110,89,154.3,75.7,31.8,74,102.3,195.6,12.8,1.03,Normal,None,Obesity,Never,Light,Never,7.0,False
f95864ba-8314-40bc-b8c6-ffa737467506,aed649ab-24c2-4bd9-9b58-20fd04393ed2,BD-SYN-000086,37,Female,Sirajganj,False,True,False,False,False,False,False,False,,1,125,79,145.2,37.3,17.7,89,99.5,172.1,12.6,0.45,Sinus bradycardia,Increased thirst;Frequent urination,No major diagnosed condition,Never,Moderate,Never,7.1,False
b8b8afab-c0e1-4613-be17-4a891a399440,fbed1b61-c63d-4e4f-8d69-adf25a92e7c4,BD-SYN-000087,73,Male,Chapainawabganj,True,True,False,False,True,False,True,False,,,99,67,167.2,60.9,21.8,68,177.2,230.0,13.2,1.08,Normal,Increased thirst,Diabetes mellitus; Cardiovascular disease,Former,Sedentary,Never,6.7,True
692ead0b-a527-4f92-9495-b798d3dce4c9,0f443ac7-5a10-4b0d-a150-f151dba28e1f,BD-SYN-000088,75,Male,Narayanganj,True,True,False,True,False,False,False,False,,,133,89,160.0,48.6,19.0,71,98.5,160.7,14.8,0.96,Normal,Shortness of breath,No major diagnosed condition,Never,Moderate,Never,7.0,True
1ce935ee-7f45-4c0d-82cd-208c7cbd0da7,08b4b7e5-82a5-4e98-9d9a-0b51c00e6087,BD-SYN-000089,39,Female,Brahmanbaria,False,True,False,False,False,False,False,False,,1,107,76,152.7,56.2,24.1,81,86.9,133.8,12.9,0.58,Normal,Fatigue;Headache,No major diagnosed condition,Never,Sedentary,Never,8.6,False
a72bedf9-a111-4d93-a760-b111462c0d1e,b57ff2a0-4786-4ab5-8a90-0050d1526aa3,BD-SYN-000090,41,Female,Jamalpur,True,False,True,False,False,False,False,False,Dust;Pollen,2,130,71,155.1,52.2,21.7,71,68.6,198.4,13.8,0.75,Normal,None,No major diagnosed condition,Never,Sedentary,Never,6.7,False
8bc109ac-69f9-489c-9c22-64a90fff9cec,f007400d-c70b-48a9-b9f2-701c0ee2a63f,BD-SYN-000091,25,Female,Feni,False,False,False,False,False,True,False,False,Dust,5,131,78,151.0,78.7,34.5,79,83.5,181.1,13.0,0.82,Nonspecific ST-T changes,Dizziness;Headache,Hypertension,Never,Sedentary,Never,7.8,True
042c5be7-3acd-45b9-af94-c8998d40e360,977770c0-711a-49f1-9fa3-192f094465a9,BD-SYN-000092,55,Female,Tangail,False,False,False,False,False,True,False,False,,0,119,89,164.5,45.2,16.7,79,86.2,202.9,12.1,0.92,Normal,Headache,Hypertension,Never,Sedentary,Never,7.8,True
caa20a43-406e-4ed7-973e-e684ce1f1726,297ba5ba-9e78-4ffe-a1c7-47549ac6c24d,BD-SYN-000093,27,Female,Kushtia,False,False,True,False,False,False,False,False,Dust;Pollen,0,109,74,162.1,70.4,26.8,68,81.1,120.2,10.8,0.87,Sinus tachycardia,Shortness of breath,No major diagnosed condition,Never,Moderate,Never,5.4,False
20342f6b-bdcf-4d8f-8e96-b93a56e7a97d,6f5323a7-430a-4e8e-a049-d7d941c2e241,BD-SYN-000094,22,Female,Brahmanbaria,False,False,False,False,False,True,False,False,,2,137,86,151.3,47.4,20.7,79,72.6,106.1,13.4,0.79,Sinus tachycardia,Frequent urination,Hypertension,Never,Moderate,Never,6.6,True
4b1d69aa-48b2-473e-addc-0daf25f637bd,3051037c-cd7d-4686-89b8-7e239166b01d,BD-SYN-000095,22,Female,Pabna,False,False,False,False,False,False,False,False,,0,100,81,165.5,84.6,30.9,68,104.8,137.1,12.4,0.84,Normal,Increased thirst;Frequent urination,Obesity,Never,Active,Never,5.0,False
05bd9255-dcca-4234-9700-1d02a54ac19c,e3d0eeaf-9d69-4a03-bac4-7fae6b4f5994,BD-SYN-000096,32,Female,Satkhira,False,False,False,True,False,True,False,False,,3,132,86,155.4,52.4,21.7,74,71.0,206.4,15.8,0.63,Normal,Joint pain,Hypertension,Never,Moderate,Never,7.3,False
9128255b-d9f0-47b4-b461-efcb9550ec71,3f89e729-01a0-4e59-82d6-fe394be1ce8c,BD-SYN-000097,35,Male,Natore,False,False,False,False,False,False,False,False,,,139,77,174.0,83.9,27.7,74,85.6,190.5,15.0,0.74,Normal,Shortness of breath,No major diagnosed condition,Never,Moderate,Never,7.9,True
3367a118-e26d-4faf-9202-516f8c091e4f,59c3c8f0-f9f6-4da5-97ea-cec828a35843,BD-SYN-000098,27,Female,Kurigram,False,False,False,False,False,False,False,False,,1,125,82,158.3,54.1,21.6,82,112.2,177.0,13.3,0.45,Normal,Dizziness,No major diagnosed condition,Never,Light,Never,8.0,False
7c68e8c2-fd00-48fb-917c-453ae9275a4f,7cbafbd7-d225-4c49-82d2-93a7202135b1,BD-SYN-000099,65,Female,Manikganj,False,True,True,False,False,False,False,False,,5,118,82,157.3,55.4,22.4,69,74.2,179.1,12.1,0.62,Sinus bradycardia,Increased thirst;Frequent urination,No major diagnosed condition,Never,Sedentary,Never,4.8,False
8136db3b-170e-4f03-8cbe-40ec2cc37fdc,b47f555b-6843-46bf-8979-51ec4cd09ca5,BD-SYN-000100,37,Female,Bogura,False,False,True,False,True,False,False,False,,2,114,74,155.7,61.8,25.5,77,110.6,201.0,12.1,0.82,Normal,Increased thirst,Diabetes mellitus,Never,Light,Never,8.4,True
87582e71-d37b-443f-bd5c-54fdca09f504,d341fc93-410a-4355-8021-6301058a9dca,BD-SYN-000101,66,Male,Panchagarh,False,True,False,False,False,True,False,False,,,156,80,171.3,86.0,29.3,76,108.1,214.9,15.6,0.86,Normal,Headache,Hypertension,Never,Sedentary,Never,7.0,False
6adcf337-8b33-4c34-8b9e-947f10d35978,85d195de-71da-4bb2-afda-81412a65fd3f,BD-SYN-000102,45,Female,Pirojpur,False,True,True,False,False,True,False,False,,2,156,82,152.5,70.9,30.5,65,125.5,126.7,12.9,0.91,Normal,Palpitations,Hypertension,Never,Active,Never,8.9,True
df386aa5-fa2b-490a-b7d7-f01e93592c0a,1766d29e-6e12-4ad4-85b8-d207c2800130,BD-SYN-000103,73,Female,Munshiganj,False,False,False,True,False,True,False,False,Dust,1,153,91,158.7,61.2,24.3,81,83.6,212.4,13.8,0.77,Normal,None,Hypertension,Never,Light,Never,7.2,False
004aa81d-d7a5-4267-aaf1-a7d88a58b05b,d3055bcd-f83e-435f-9cb9-03788acc9730,BD-SYN-000104,53,Male,Mymensingh,False,False,False,False,True,False,False,False,,,109,81,159.3,70.3,27.7,93,156.2,264.7,14.9,1.28,Normal,Palpitations,Diabetes mellitus,Never,Light,Never,7.4,True
581912eb-c3c6-4a1b-afaa-08504982f733,8cc199c0-bab7-49d9-b7e3-487e24d5fa3b,BD-SYN-000105,38,Male,Faridpur,False,False,True,False,False,False,False,False,Food,,106,73,178.9,81.6,25.5,63,102.7,154.7,14.6,0.77,Normal,Frequent urination,No major diagnosed condition,Occasional,Sedentary,Never,7.2,True
e1547045-1dda-46f1-a7e7-09d91fa0284c,9f92a20b-c927-46b6-8074-2f7d460fa3ca,BD-SYN-000106,74,Female,Magura,False,False,True,False,False,False,False,False,,3,124,91,150.9,82.0,36.0,74,134.9,231.0,12.2,0.72,Normal,Poor sleep,Obesity,Never,Moderate,Never,7.2,False
ab3b0744-d16a-49e7-a61f-892a4fffde2d,eae3cfec-821d-44da-b182-c75ad19c98dd,BD-SYN-000107,43,Male,Narsingdi,False,True,False,False,False,True,False,False,Dust,,131,76,167.6,68.8,24.5,76,83.3,176.8,15.1,0.83,Normal,Back pain,Hypertension,Former,Moderate,Never,6.2,False
4148472a-0bf1-41dd-be7d-615c26a546ca,afe9407b-16e8-4135-9520-3fe40c520534,BD-SYN-000108,70,Male,Bhola,True,False,False,False,False,False,False,False,,,122,78,175.7,87.1,28.2,92,87.5,194.0,13.9,0.95,Nonspecific ST-T changes,None,No major diagnosed condition,Never,Light,Never,8.2,False
097902c3-74aa-44a3-bfba-88509a56754f,ab2bc39e-e609-4bc8-bc16-30cd267e2c8e,BD-SYN-000109,20,Female,Jessore,True,True,False,False,False,False,False,False,,0,107,69,156.3,79.2,32.4,91,78.4,245.1,12.7,0.6,Normal,Dizziness;Headache,Obesity,Never,Light,Never,7.8,True
0874a90b-9b08-45f8-a020-6d8398dfc391,470ab231-37ac-46fa-9795-b3be197eb131,BD-SYN-000110,54,Male,Rajshahi,False,False,False,False,True,False,False,False,Food,,127,65,171.9,94.3,31.9,71,209.9,231.6,10.6,0.58,Normal,Fatigue;Headache,Diabetes mellitus,Never,Light,Never,8.5,True
42bd9de1-4231-4eb9-8b57-51315203fa0e,ba8c7ccd-e6db-4823-af63-b06ed54c8a6b,BD-SYN-000111,43,Male,Kushtia,True,True,False,False,False,False,False,False,Food,,111,75,166.6,76.6,27.6,63,60,153.0,14.0,0.77,Normal,Increased thirst,No major diagnosed condition,Never,Sedentary,Never,7.5,False
ff6e0d7b-5c81-4bac-b139-542780bda393,6241c047-2be0-4105-b394-9f6b1ebd08fa,BD-SYN-000112,54,Female,Chandpur,True,False,False,False,False,False,False,False,Dust,2,125,69,159.9,72.4,28.3,57,91.5,192.7,11.9,0.67,Normal,Dizziness,No major diagnosed condition,Never,Light,Never,7.8,False
be4badd5-ba54-4405-8c8e-0c2e4ffb26a5,0d4bd66b-cf29-4aa2-bb04-d3ea94b2aaf6,BD-SYN-000113,49,Male,Jhalokathi,False,True,False,True,False,False,False,True,Dust,,119,75,164.8,55.7,20.5,77,101.7,233.6,14.8,0.9,Nonspecific ST-T changes,Dizziness;Headache,History of stroke,Occasional,Light,Never,6.1,False
b869e469-44ee-40d4-8a4c-fec04959fc36,7ccd1d9d-4f3f-4d00-a1d6-34b87a5eb85c,BD-SYN-000114,18,Male,Cox's Bazar,True,False,False,False,False,False,False,False,,,120,74,164.3,67.2,24.9,64,118.6,181.1,14.1,0.57,Normal,Shortness of breath,No major diagnosed condition,Never,Sedentary,Never,7.9,True
8dfb0d66-539b-4f31-ba8b-ffe96d05816d,6838170c-0ecf-47fd-ae89-d7490f17d2f0,BD-SYN-000115,52,Male,Jamalpur,True,False,True,False,False,False,False,False,,,105,71,168.3,60.9,21.5,85,94.8,197.9,13.1,0.69,Sinus tachycardia,None,No major diagnosed condition,Never,Sedentary,Never,6.0,False
abd4965e-9c96-4f82-91cd-777e29061123,4f7eee0b-d6db-47ac-ad84-aacc2190e058,BD-SYN-000116,58,Male,Barishal,False,False,True,False,False,False,False,False,Pollen,,113,71,160.2,83.7,32.6,70,130.2,182.0,14.1,0.81,Nonspecific ST-T changes,Fatigue;Headache,Obesity,Never,Moderate,Never,6.9,True
482fd811-143d-4597-a113-465536c5bf34,5c590d0b-bbce-435d-bca4-7ec4c5d6ccc6,BD-SYN-000117,49,Female,Jhenaidah,False,False,False,False,False,False,False,False,,4,117,84,152.8,52.3,22.4,84,87.2,191.9,11.1,0.69,Normal,Chest discomfort,No major diagnosed condition,Never,Light,Never,7.5,False
2ee6a7dd-4ae3-4b26-914f-8a7cfb8cd396,9857dc52-7e19-4d84-9703-03fc4d13b65b,BD-SYN-000118,72,Male,Magura,False,False,False,False,False,False,False,False,,,120,90,175.1,82.5,26.9,83,82.9,191.3,13.2,0.91,Normal,Fatigue,Elevated blood pressure,Never,Light,Never,7.2,True
fa1cf204-2676-437c-b6f8-476d26984f07,ec394ed3-a4bd-47c6-ba94-5bb989be98ee,BD-SYN-000119,31,Female,Madaripur,False,False,False,False,False,False,False,False,,1,121,80,159.7,47.4,18.6,77,71.0,180.4,12.5,0.82,Normal,Poor sleep,No major diagnosed condition,Never,Sedentary,Never,7.0,False
7acdbf9e-d146-4955-8cb5-5a3547b39ccb,967f79f4-dd4d-4ce1-80f3-be3874df3648,BD-SYN-000120,72,Female,Madaripur,True,False,False,False,False,True,False,False,,3,165,84,165.2,60.0,22.0,80,71.7,241.7,12.3,0.96,Normal,Frequent urination,Hypertension,Never,Light,Never,5.8,False
e504969c-3d1e-49db-b19a-74778ad386d4,68f3fa31-12ca-4d7f-a38d-ed0ae06ecad7,BD-SYN-000121,32,Female,Narsingdi,False,True,False,False,False,False,False,False,,1,132,67,153.1,64.9,27.7,82,84.9,211.3,12.5,0.79,Normal,Chest discomfort,No major diagnosed condition,Never,Light,Never,8.4,True
75d713ad-d90e-4484-9118-6322a5e7c7f8,66544adc-cf23-4195-9fef-4ea6ef02fc86,BD-SYN-000122,63,Female,Rangpur,False,False,True,False,True,False,False,False,Dust,3,134,72,157.4,59.0,23.8,69,167.5,204.9,11.9,0.54,Normal,Back pain,Diabetes mellitus,Never,Moderate,Never,7.0,True
8c38c553-1adf-4628-822d-abf8d38d2a19,a0fe7af5-c004-4492-8398-5a44af32ef5c,BD-SYN-000123,64,Female,Barishal,True,True,False,False,True,True,False,False,,3,151,94,164.8,85.3,31.4,75,193.7,275.9,11.7,0.76,Normal,Increased thirst,Diabetes mellitus; Hypertension,Never,Light,Never,7.6,True
89c7757c-62db-4a2f-a8ae-a8e2aced9ccf,128b696e-c178-40f7-88ca-59b9c44f22d2,BD-SYN-000124,62,Female,Gazipur,False,False,False,False,False,False,False,False,,2,110,88,153.4,69.9,29.7,62,92.7,189.4,13.2,0.74,Normal,Dizziness,No major diagnosed condition,Never,Sedentary,Never,6.9,True
e9a85507-c475-4485-a7bd-2094b3347749,fefa5202-58de-4650-b21f-7f13dae5eca8,BD-SYN-000125,68,Female,Sunamganj,False,False,False,False,False,False,False,False,,4,127,82,155.1,47.1,19.6,85,106.7,190.3,12.7,0.73,Normal,Frequent urination,No major diagnosed condition,Occasional,Active,Never,8.3,True
5f54477a-308c-4fcd-98f5-63ed7c83585e,f5451d4e-103c-484e-865b-8897eb28012a,BD-SYN-000126,38,Male,Barishal,False,True,False,False,False,False,False,False,Pollen,,125,74,172.1,58.6,19.8,87,98.3,176.5,12.4,0.74,Normal,Shortness of breath,No major diagnosed condition,Occasional,Active,Never,9.1,True
e378cf5d-3d0e-4d24-9c76-7e444a342fcc,091b16bc-7ae1-412c-900a-bf58812c6e00,BD-SYN-000127,59,Male,Jamalpur,False,True,True,False,False,False,False,False,Pollen,,118,76,167.0,71.7,25.7,77,116.8,202.8,13.3,0.88,Normal,Dizziness,No major diagnosed condition,Never,Light,Never,6.7,False
683c3e6e-8ca9-45a5-a549-2d09cea7c3bc,54e46b85-44b4-440e-b02e-b6136ee0c142,BD-SYN-000128,49,Male,Manikganj,False,False,True,False,False,False,False,False,,,118,74,170.7,65.9,22.6,70,103.9,193.2,16.4,0.84,Normal,Shortness of breath,No major diagnosed condition,Never,Light,Never,7.2,True
67bc63d5-a485-4599-8dae-a519ae17a151,0923626b-7ba6-4c0e-8a3c-c17f8113d98b,BD-SYN-000129,25,Female,Kushtia,False,False,False,True,False,False,False,False,Pollen,3,123,85,159.0,56.1,22.2,82,83.6,161.9,12.6,0.46,Normal,Headache,No major diagnosed condition,Never,Moderate,Never,6.8,True
b7cd69bf-f5a3-478a-9f57-dbcbf3d57605,0dc3f81d-916b-4292-9f78-1d64680bcf20,BD-SYN-000130,71,Male,Dinajpur,True,False,True,False,False,True,False,False,Pollen,,135,92,164.2,67.7,25.1,71,111.5,152.2,16.3,0.93,Normal,Poor sleep,Hypertension,Never,Moderate,Never,7.2,True
6251aa7e-fa71-43ee-9ed2-3a9d7119f33f,218a6e58-f4f2-4ce7-af4b-573b64735a4f,BD-SYN-000131,56,Female,Lakshmipur,True,True,False,False,False,False,False,False,Dust;Pollen,1,99,81,147.2,44.6,20.6,85,93.0,217.6,12.4,0.6,Normal,Palpitations,No major diagnosed condition,Never,Sedentary,Never,7.1,True
9085f2a7-a292-4dac-92c5-46d6f75555b0,949a8c37-457e-4dd9-b18d-101e58c49bdc,BD-SYN-000132,26,Male,Patuakhali,False,False,False,True,False,False,False,False,Penicillin,,120,75,162.2,73.9,28.1,86,85.8,200.2,13.4,1.1,Normal,Frequent urination,No major diagnosed condition,Never,Light,Never,5.8,False
78544a51-2bed-4334-b20e-619462c670c9,2c0a659d-63a5-473b-922e-20223e576655,BD-SYN-000133,50,Female,Narsingdi,False,True,False,False,True,False,False,False,Pollen,4,114,58,158.6,83.0,33.0,78,142.0,231.1,11.5,0.7,Normal,Increased thirst,Diabetes mellitus,Never,Sedentary,Never,7.3,True
8cfda2a9-32aa-4592-9ccc-79f13a69c468,f029b411-2cf1-4d7e-aac4-9477199b5c47,BD-SYN-000134,26,Male,Nilphamari,False,False,False,False,False,False,False,False,,,103,68,168.7,56.1,19.7,60,100.5,217.7,14.2,1.09,Sinus bradycardia,Joint pain,No major diagnosed condition,Never,Light,Regular,4.7,False
07de4e76-e4c9-46fa-8956-b7d28c104d9c,a0816389-a0b0-4417-a4c1-712119e8bcd1,BD-SYN-000135,76,Male,Madaripur,False,True,False,False,False,False,False,False,,,119,94,175.1,74.8,24.4,83,97.9,237.4,13.1,1.1,Normal,Back pain,Elevated blood pressure,Regular,Light,Never,6.7,True
3a76700c-626e-4ad5-ac91-3d9e307f4c59,dd1c6bc7-f043-4917-9859-f4661fe88360,BD-SYN-000136,52,Female,Gazipur,False,False,False,False,True,False,False,False,,5,129,80,146.1,63.6,29.8,57,161.0,232.0,14.9,1.14,Normal,Joint pain,Diabetes mellitus,Never,Sedentary,Never,6.9,False
97bc6b2c-6837-4b6b-b41d-5dce283756c1,92d19ad1-8338-4c91-b3b2-f8c0ac50db1e,BD-SYN-000137,19,Male,Jamalpur,False,False,True,True,False,False,False,False,,,118,71,161.7,60.4,23.1,83,75.7,145.9,12.6,0.84,Nonspecific ST-T changes,Dizziness,No major diagnosed condition,Never,Light,Never,6.7,True
f4e494b2-d1d3-4858-b4a8-09f8b6eb263d,92f0e88f-75e7-4315-aef2-71311e0334e5,BD-SYN-000138,67,Male,Sirajganj,False,True,False,False,False,True,False,False,Food,,151,89,168.2,64.5,22.8,79,78.5,146.5,11.1,0.9,Normal,Increased thirst;Frequent urination,Hypertension,Never,Moderate,Never,7.6,False
c40fe86c-45cf-4925-aecc-91cb2a652c9d,87d193ad-f1ac-445c-8798-8adf08470c5e,BD-SYN-000139,55,Female,Narail,False,False,False,False,False,True,False,True,,3,150,94,147.5,48.3,22.2,94,103.5,171.9,13.0,0.66,Normal,Headache,Hypertension; History of stroke,Never,Light,Never,7.4,True
464d796f-ac63-4c16-af97-b409006f3634,e882d1fc-f531-4152-a987-a44d853981b7,BD-SYN-000140,49,Male,Sirajganj,False,True,False,False,False,True,False,False,,,138,95,168.3,89.2,31.5,77,94.6,215.1,14.4,1.11,Normal,Dizziness,Hypertension,Never,Sedentary,Occasional,7.0,True
74af7871-0237-4afe-a7ad-f8faf7b4de02,6d1e4a79-290e-4ae4-8983-bb15aea50107,BD-SYN-000141,79,Female,Netrokona,False,True,False,False,False,False,True,False,,2,117,84,160.1,71.8,28.0,85,93.3,196.5,13.4,0.97,Abnormal,Palpitations,Cardiovascular disease,Never,Light,Never,7.9,True
65395341-0cad-4974-8d0a-4c91b2e27c12,b1d3be26-5a6b-4350-b3d7-59c9dba36977,BD-SYN-000142,66,Male,Dhaka,False,False,False,False,True,False,False,False,,,128,66,180.0,98.2,30.3,82,166.1,291.7,12.7,1.01,Sinus tachycardia,Increased thirst;Frequent urination,Diabetes mellitus,Never,Moderate,Never,5.4,False
2746e885-2147-4122-b45e-9a5882621680,eea3459a-0546-42c4-a110-d2be64dad5f6,BD-SYN-000143,71,Female,Lalmonirhat,False,True,False,True,False,False,False,False,,2,108,80,150.0,45.9,20.4,68,101.2,221.3,12.5,0.8,Sinus tachycardia,Headache,No major diagnosed condition,Never,Moderate,Never,6.8,False
36e87c86-38ee-4db7-8b1f-654826fb738d,92cc87cc-346e-4241-9495-9b847aa5d0e4,BD-SYN-000144,19,Male,Khulna,False,False,False,False,False,False,False,False,,,131,96,166.7,72.3,26.0,67,86.0,194.9,13.5,0.95,Normal,Joint pain,Elevated blood pressure,Never,Moderate,Never,7.1,True
fbe06ecf-69cd-4bf0-badd-21916c7c8971,037e94e7-3407-468f-9cdf-87c189cb1d61,BD-SYN-000145,75,Male,Pabna,False,False,False,False,False,False,True,False,,,116,80,175.4,93.5,30.4,75,104.1,259.8,14.2,0.91,Sinus bradycardia,Joint pain,Cardiovascular disease,Regular,Sedentary,Never,8.0,True
5cfd1691-502b-4750-aabf-c24707c78f5f,b198d293-cfa3-4439-88d8-b43ec00dd651,BD-SYN-000146,79,Female,Kurigram,True,False,False,False,True,False,False,False,Pollen,2,111,79,154.0,66.2,27.9,65,73.9,183.2,9.9,1.0,Normal,Shortness of breath,Diabetes mellitus,Never,Light,Never,8.1,True
03168595-c43f-4c48-86e0-74c35f6bb883,3ce3104a-2c60-4110-b23a-cff926d7ae91,BD-SYN-000147,22,Female,Lalmonirhat,False,False,False,False,False,True,False,False,Dust,0,143,105,149.8,55.9,24.9,87,82.2,172.1,13.1,0.91,Normal,Poor sleep,Hypertension,Regular,Light,Never,5.0,False
3243955f-cb78-4397-95a5-6f7ced20ebb0,d9eed56f-ef76-4d76-a610-1cb3849f8d75,BD-SYN-000148,47,Female,Munshiganj,False,True,False,False,False,False,False,False,,5,111,73,155.6,54.5,22.5,82,94.9,204.3,11.5,0.85,Normal,None,No major diagnosed condition,Never,Sedentary,Never,5.9,False
2ba4aef4-03b2-45f0-9146-292026a976f8,0abf5fbe-9bd2-4523-8b74-9ca47245d662,BD-SYN-000149,64,Female,Dhaka,False,False,False,False,False,False,False,False,,2,119,88,153.6,51.4,21.8,67,103.5,243.9,13.8,0.76,Normal,Increased thirst;Frequent urination,No major diagnosed condition,Never,Sedentary,Never,7.5,True
8074ad3b-6e6a-4238-ab6e-95048b1615b6,5dfee9ac-aa5f-47d9-80f0-56f3a2d4a74d,BD-SYN-000150,19,Male,Gopalganj,False,False,True,False,False,False,False,False,,,126,68,156.9,67.9,27.6,86,96.5,199.8,16.1,0.97,Normal,Increased thirst;Frequent urination,No major diagnosed condition,Regular,Moderate,Never,6.7,True
889f84bb-4f6f-4efe-8519-c4476f8d5ad1,ad1d9950-039b-4bf1-a83f-4b15bcb0bcc1,BD-SYN-000151,41,Male,Jhenaidah,False,False,False,False,False,True,False,False,,,150,82,164.4,59.5,22.0,69,100.9,167.7,13.8,1.14,Nonspecific ST-T changes,Increased thirst;Frequent urination,Hypertension,Never,Light,Never,6.0,False
52522a56-2851-4bb9-bde7-865b1f3974db,dcb0d1ed-f7f7-4d62-855a-28c080249c5a,BD-SYN-000152,65,Male,Natore,True,False,False,False,True,False,False,False,,,142,68,165.7,78.0,28.4,67,163.4,193.9,14.3,0.8,Nonspecific ST-T changes,Poor sleep,Diabetes mellitus,Never,Sedentary,Never,5.3,False
1c6afebe-beeb-41e5-9beb-893233a0bc44,f1040de0-fb2e-40ad-8b05-3ed6562773e6,BD-SYN-000153,37,Female,Chandpur,False,False,False,False,False,False,False,False,,3,102,77,165.3,76.2,27.9,60,73.6,197.6,12.4,0.85,Normal,Shortness of breath,No major diagnosed condition,Never,Sedentary,Never,6.1,False
6cbd3baa-ea4e-4341-b206-5c852080c67b,afa69e1e-58b4-45b8-96ca-bd8074262599,BD-SYN-000154,57,Male,Manikganj,True,False,False,False,False,False,False,False,,,116,86,166.8,55.9,20.1,53,108.4,225.3,16.1,1.01,Normal,Chest discomfort,No major diagnosed condition,Never,Light,Never,7.6,True
d3bd0d3b-d1c0-43ca-99ab-3703d282fb29,29e778f0-388b-4018-be29-4e41388bf44a,BD-SYN-000155,50,Female,Tangail,True,False,False,False,False,False,False,False,,2,116,88,152.5,49.1,21.1,79,65.3,201.5,10.8,0.82,Normal,Poor sleep,No major diagnosed condition,Never,Active,Never,6.7,True
44e8274d-4d00-4d92-8b6e-03b0f3480135,ffa0df6e-f9d5-446c-8dce-53120727c0eb,BD-SYN-000156,47,Male,Nilphamari,True,False,False,False,False,False,False,False,,,134,71,153.9,56.1,23.7,72,117.7,212.9,13.6,0.97,Normal,None,No major diagnosed condition,Never,Active,Never,6.5,False
464154a1-23be-47a3-9ab3-b935e2454997,98b8ee0c-735b-455a-bb01-17c2b39a718b,BD-SYN-000157,56,Male,Bhola,False,False,False,False,False,False,False,False,,,118,69,176.7,79.3,25.4,80,129.3,207.3,12.1,0.81,Nonspecific ST-T changes,Frequent urination,Hyperglycemia,Regular,Sedentary,Never,6.7,True
17f65255-88e2-4d21-a203-08c7b696bb13,751fac5d-0fc8-4da1-b6c2-9fe3387ba79a,BD-SYN-000158,46,Female,Narail,True,True,False,False,False,False,False,False,Dust;Pollen,3,128,71,159.8,66.4,26.0,82,83.5,157.0,12.2,0.69,Normal,Palpitations,No major diagnosed condition,Never,Sedentary,Never,6.9,False
72a4f96b-56ee-44cf-8669-b5fed415d6d9,a08dd39b-48fa-4729-94db-5b177565ed35,BD-SYN-000159,58,Male,Bhola,True,False,False,False,False,False,False,False,,,111,69,167.5,58.4,20.8,67,69.5,141.8,15.0,1.03,Normal,Dizziness;Headache,No major diagnosed condition,Never,Light,Never,8.0,True
55188eb6-fb45-4f7d-8d0a-5f3a06aeb6a7,1128d5c1-aa14-4560-9072-3fafae2e9d8e,BD-SYN-000160,65,Male,Bagerhat,False,False,True,True,False,False,False,False,,,114,72,182.6,90.0,27.0,74,102.1,161.5,13.6,1.03,Sinus tachycardia,Chest discomfort,No major diagnosed condition,Never,Active,Never,7.4,True
6a4ab05a-ebf9-4e0c-8bc6-40cd723e2d79,2cec2d40-e083-4cec-96f6-9867cceff238,BD-SYN-000161,78,Female,Habiganj,True,True,False,False,False,False,False,False,,3,138,78,154.9,72.2,30.1,82,66.5,190.9,14.0,1.07,Normal,None,Obesity,Never,Light,Never,8.4,True
ec183937-b4b0-4b73-9679-55a410a05f39,4a8d1ec1-bca7-4e1b-916a-e4ee336639bc,BD-SYN-000162,32,Female,Lakshmipur,False,False,False,False,False,False,False,False,,2,115,63,161.6,62.4,23.9,76,105.8,157.6,9.5,0.67,Normal,Palpitations,No major diagnosed condition,Never,Light,Never,7.2,True
eb4d29ec-cbde-443d-a953-b1282aeb17dd,bb32ff49-b6a4-4e5c-8d80-78665dda267a,BD-SYN-000163,66,Female,Gaibandha,False,False,False,True,False,False,False,False,,3,136,77,147.0,57.5,26.6,70,123.6,152.6,13.1,0.83,Normal,Increased thirst;Frequent urination,No major diagnosed condition,Never,Moderate,Never,6.7,True
1c43d6b1-c542-4f9f-9612-208833fcf58a,fce4ed32-fb40-4f2f-b21b-0a30fc5be246,BD-SYN-000164,32,Male,Chapainawabganj,False,False,False,True,False,False,False,False,,,117,75,169.6,59.3,20.6,72,99.5,244.2,14.2,0.72,Normal,Shortness of breath,No major diagnosed condition,Never,Light,Never,5.6,False
d887b97b-bf22-466e-9e8a-eae851fbeefb,ee60158b-93d0-4ee7-bad4-0638b9470515,BD-SYN-000165,44,Female,Gaibandha,True,True,False,True,False,False,False,False,Penicillin,1,109,85,152.7,58.3,25.0,68,96.4,146.1,10.7,0.69,Normal,Headache,No major diagnosed condition,Never,Light,Never,7.3,True
bf08de83-c743-4a78-8571-861cb56e2f97,0c8cfd8f-d598-4bd8-9586-482be95bd6d6,BD-SYN-000166,23,Male,Patuakhali,False,False,False,False,False,False,False,False,Dust,,131,78,174.1,79.1,26.1,82,95.7,227.1,15.7,1.04,Normal,None,No major diagnosed condition,Never,Sedentary,Never,8.2,True
10cbbc4c-f35d-4ffa-8166-cd18e2b4bb4a,f46c42fb-4e0c-492f-bc60-e7ac9545b19b,BD-SYN-000167,78,Female,Panchagarh,False,False,False,False,True,True,True,False,,3,160,87,157.4,45.8,18.5,89,164.5,174.8,13.1,1.14,Abnormal,Headache,Diabetes mellitus; Hypertension; Cardiovascular disease,Never,Light,Regular,8.5,True
85109e3a-88ed-406f-90f1-356899641075,4bd230b4-93f5-44ae-8303-cb4b835c09b6,BD-SYN-000168,26,Male,Jamalpur,False,False,False,False,False,False,False,False,,,129,58,154.1,54.6,23.0,83,106.5,195.0,13.6,0.97,Normal,Back pain,No major diagnosed condition,Never,Moderate,Never,8.1,True
eaa2647c-5de6-4249-99c8-2146451367e9,f2ffbe63-12ab-4235-a893-5f6bc18a0cac,BD-SYN-000169,46,Male,Bagerhat,True,False,True,False,False,False,False,False,,,122,74,174.6,83.2,27.3,82,109.6,248.6,12.9,1.11,Normal,Increased thirst,No major diagnosed condition,Regular,Moderate,Never,5.5,False
e10d0cc8-7312-46e3-84f9-081e8c579274,e249029f-4d90-4f2a-9258-2395372bf6e5,BD-SYN-000170,64,Male,Natore,False,True,False,False,False,False,True,False,,,131,68,164.6,63.4,23.4,78,114.1,232.8,15.2,0.88,Nonspecific ST-T changes,Shortness of breath,Cardiovascular disease,Never,Sedentary,Never,7.8,True
f0cf4fbb-5b9d-4b96-bed7-8c585a1c838f,5168937f-3061-47e6-b209-c91e89b011a4,BD-SYN-000171,35,Female,Dhaka,False,True,False,False,False,False,False,False,,4,121,74,148.1,64.5,29.4,80,99.0,212.9,12.5,0.57,Normal,None,No major diagnosed condition,Never,Light,Never,7.6,True
9d2cd868-d771-432e-8bf6-a2af4ed38d01,5eae6e92-2366-4170-ba55-c960391bafbe,BD-SYN-000172,75,Female,Kurigram,False,False,False,False,False,False,False,False,Dust,2,114,75,151.5,64.3,28.0,82,104.2,193.5,13.5,0.45,Normal,Chest discomfort,No major diagnosed condition,Never,Sedentary,Never,7.2,False
3cac3d11-40b4-48fb-8a9a-a923e367c222,75a9020a-0ade-4b9d-a26f-42041c425c2f,BD-SYN-000173,80,Male,Kishoreganj,False,False,True,True,False,False,False,False,,,129,69,164.3,101.0,37.4,81,126.7,152.6,12.1,0.95,Normal,Back pain,Obesity,Never,Light,Never,8.8,True
4ba46c7a-1172-48fe-83de-7d8fe979f52d,42a49b59-239e-4ad9-af55-7a6b7db7b4c1,BD-SYN-000174,44,Female,Kushtia,False,False,True,False,False,False,False,False,,1,120,73,152.3,61.7,26.6,74,85.3,154.8,13.4,0.77,Normal,Headache,No major diagnosed condition,Never,Moderate,Never,5.2,False
1004eb8a-1d88-4b54-a6d9-31fcc6022524,272cb350-b877-4bc0-bb5e-8015d18f4073,BD-SYN-000175,24,Male,Thakurgaon,False,False,True,False,False,False,False,False,Dust;Pollen,,107,73,163.4,56.9,21.3,97,93.4,158.9,12.6,0.85,Nonspecific ST-T changes,Increased thirst;Frequent urination,No major diagnosed condition,Never,Light,Never,7.9,True
e00656f9-373c-466a-885c-7d292e32d533,3c761249-7c02-4159-9c1d-dc67c563eaa0,BD-SYN-000176,24,Male,Dhaka,False,True,False,False,False,False,False,False,,,124,76,158.0,41.2,16.5,82,108.7,231.6,16.7,0.75,Normal,Increased thirst;Frequent urination,No major diagnosed condition,Never,Light,Never,7.5,True
40ffd9d5-4e03-4552-a032-1e73f2957212,784f1955-64df-48a5-8d4b-32904a4b0acf,BD-SYN-000177,60,Female,Noakhali,False,False,True,False,False,True,False,False,,5,134,89,156.5,68.6,28.0,71,92.4,179.4,13.9,0.93,Nonspecific ST-T changes,Increased thirst;Frequent urination,Hypertension,Regular,Sedentary,Never,6.9,False
2324d166-c341-4edb-ba79-cf73470b9a8c,a41feee7-a05e-440f-aebb-385541e90c33,BD-SYN-000178,28,Male,Lakshmipur,False,False,True,False,False,False,False,False,Food,,109,86,163.3,71.2,26.7,85,82.2,214.0,12.8,0.89,Abnormal,Fatigue,No major diagnosed condition,Never,Sedentary,Never,7.9,True
b8d8d822-2a88-44ff-b06e-fcaefee5ca10,4d1239b3-2c92-4cc3-9a29-d28992a6fc77,BD-SYN-000179,26,Male,Rajshahi,True,False,False,False,False,False,False,False,,,116,83,161.0,62.5,24.1,70,123.9,230.8,16.2,0.9,Normal,Frequent urination,No major diagnosed condition,Regular,Sedentary,Never,7.9,True
8375c9a0-c729-4876-aa98-d1ea1062e498,82e1266e-d180-473a-9c8a-91ba4a865ef0,BD-SYN-000180,31,Female,Jhalokathi,False,True,False,False,False,False,False,False,,1,113,67,147.0,46.5,21.5,78,83.4,142.4,11.7,0.72,Sinus bradycardia,Shortness of breath,No major diagnosed condition,Never,Moderate,Never,5.9,False
873caded-dda5-4975-a18a-3adfa24e1072,cfb1a291-678d-4676-9d19-eed0e5b866e2,BD-SYN-000181,66,Male,Natore,False,False,False,False,True,False,False,False,Pollen,,139,67,171.9,80.4,27.2,52,171.9,202.1,15.5,0.96,Normal,Frequent urination,Diabetes mellitus,Never,Moderate,Occasional,4.9,False
b176ed5e-2571-406e-a54b-8f65915be9a8,be1a3654-1b5e-4d9c-865e-7136b0c70fa8,BD-SYN-000182,60,Male,Shariatpur,True,False,True,False,False,False,True,False,,,117,73,168.7,60.0,21.1,84,82.8,215.2,14.3,1.09,Sinus tachycardia,Chest discomfort,Cardiovascular disease,Never,Sedentary,Never,7.5,False
e4671511-fc80-4d47-a6b8-a0668ddf006a,191c6486-1a11-46de-99a8-0662f18e5404,BD-SYN-000183,27,Female,Gopalganj,True,False,True,True,False,False,False,False,,2,114,86,150.0,50.6,22.5,73,106.5,133.6,12.8,0.62,Normal,Chest discomfort,No major diagnosed condition,Never,Light,Never,6.0,False
6a4b8166-65f9-4cfc-ac02-f4f9131881bb,856a1fb2-2c07-4be9-a530-be470a667b23,BD-SYN-000184,19,Male,Panchagarh,False,False,False,False,False,False,False,False,,,117,72,158.9,66.2,26.2,77,84.0,227.0,13.5,0.7,Normal,Increased thirst,No major diagnosed condition,Never,Light,Never,8.0,False
b4d29e5e-2707-48e5-b34a-945a99474573,80d5d1a4-1bae-4094-9068-b415c60435d9,BD-SYN-000185,52,Female,Jhenaidah,False,True,True,False,False,False,True,False,Penicillin,2,108,70,158.1,52.7,21.1,73,100.3,222.5,11.1,0.84,Normal,Shortness of breath,Cardiovascular disease,Never,Light,Never,6.9,True
2f683df8-366a-43a2-8b23-6ef52283da12,e7bf9b0b-b51b-4140-bd36-97b5927eb920,BD-SYN-000186,49,Female,Comilla,False,False,False,False,False,False,False,False,Dust,3,125,76,162.2,70.0,26.6,56,78.9,105,11.6,0.61,Sinus tachycardia,Dizziness,No major diagnosed condition,Never,Sedentary,Never,6.8,False
013646b4-3d61-4d73-aa00-4267b9b783c7,4b0b4ea4-41df-4a8c-ba7a-556928bf61a2,BD-SYN-000187,61,Female,Kushtia,True,True,False,True,False,False,False,True,,1,109,77,154.7,65.3,27.3,84,109.8,254.1,13.8,0.82,Normal,Frequent urination,History of stroke,Never,Light,Never,6.1,False
e04674db-ca92-4462-a7f6-dfeee1144874,ec7af757-cb3f-443d-bd80-9e1107c6c87a,BD-SYN-000188,29,Male,Thakurgaon,False,True,False,False,False,False,False,False,,,114,87,175.6,65.1,21.1,78,102.6,166.2,15.3,0.75,Nonspecific ST-T changes,Joint pain,No major diagnosed condition,Never,Sedentary,Never,8.7,True
2b4501be-639a-4f2e-929d-683df368bcd4,a1002324-6e7d-4cc1-8455-d906cf1562e2,BD-SYN-000189,73,Male,Jessore,True,False,True,False,False,False,False,False,,,126,78,172.5,61.9,20.8,82,100.8,251.8,14.3,1.13,Normal,Shortness of breath,No major diagnosed condition,Never,Light,Never,8.0,True
7df52464-f34e-4d0e-9fde-19dbb7aabd53,01690be6-af86-4827-ab80-5dee06a867c2,BD-SYN-000190,29,Male,Pabna,True,True,True,False,False,False,False,False,,,127,74,166.6,92.4,33.3,71,108.5,156.7,13.7,1.04,Normal,None,Obesity,Never,Sedentary,Never,8.5,True
81fd2609-c311-4ecb-9e4b-fce1952fc23c,cfa801c9-a9b8-418f-b88f-da947c2c5f6b,BD-SYN-000191,52,Female,Moulvibazar,False,True,False,False,False,True,False,True,,4,131,88,152.9,61.7,26.4,84,69.8,189.8,10.3,0.65,Sinus tachycardia,Chest discomfort,Hypertension; History of stroke,Never,Sedentary,Never,8.1,True
f1ff238f-dff3-4c33-af23-bec6e48db6cc,abcbcd9f-7c0a-4514-9895-3c2358524b92,BD-SYN-000192,65,Male,Panchagarh,False,False,False,False,True,False,False,False,Dust,,127,80,174.4,77.6,25.5,81,155.8,196.7,14.6,1.09,Normal,Dizziness;Headache,Diabetes mellitus,Never,Moderate,Never,8.5,True
b218818c-0f78-46a4-ae03-66e3d83ff2b3,0b073cac-a4d4-4b91-a44a-2bcf08596575,BD-SYN-000193,42,Male,Jhalokathi,False,False,False,True,False,False,False,False,,,113,74,177.1,73.7,23.5,71,80.0,161.7,14.8,0.82,Normal,Increased thirst;Frequent urination,No major diagnosed condition,Former,Sedentary,Never,6.4,False
4caba054-b42b-42a9-ace2-d68f2b2c20eb,df72f89f-777f-41c9-a781-0a214f8d3b2b,BD-SYN-000194,31,Male,Netrokona,False,False,False,False,False,False,False,False,,,129,73,165.7,83.5,30.4,66,160.1,144.3,15.3,0.68,Normal,Increased thirst,Obesity,Never,Sedentary,Never,7.4,True
7852990a-ba00-4105-ac28-dd829eacd9eb,7d438ab6-37c5-4aca-b235-4461145cc342,BD-SYN-000195,54,Male,Kishoreganj,True,False,False,False,False,False,False,False,Dust;Pollen,,111,71,159.2,59.8,23.6,94,89.8,182.1,14.3,0.61,Normal,Poor sleep,No major diagnosed condition,Never,Moderate,Never,7.0,False
1234d042-d799-4cbf-8a18-ffd83a78a91f,99b93ae4-4e9a-4595-aaad-6ef924439b79,BD-SYN-000196,72,Female,Jhenaidah,False,False,False,False,True,True,False,False,,3,116,86,157.9,72.6,29.1,77,207.3,197.6,11.2,0.72,Normal,Dizziness;Headache,Diabetes mellitus; Hypertension,Never,Sedentary,Never,7.5,True
56a02f5e-687d-4942-b0ea-847b78c518e3,800ca290-f479-473d-9be7-46130d24e965,BD-SYN-000197,54,Male,Chandpur,False,False,False,False,True,False,False,False,NSAIDs,,98,68,168.6,80.4,28.3,58,168.2,281.8,15.1,0.99,Normal,Increased thirst;Frequent urination,Diabetes mellitus,Regular,Light,Never,8.4,True
4f63f84b-eaa0-420d-9049-09dd241dfe3d,27cc68ce-5816-4995-9e31-7e0069ad5876,BD-SYN-000198,59,Male,Gazipur,False,False,True,False,False,False,False,False,,,114,74,171.1,72.3,24.7,85,101.2,191.7,15.3,0.82,Normal,Dizziness,No major diagnosed condition,Never,Sedentary,Never,7.2,False
509ab23e-7986-4902-b124-37b4473bc52b,c5ec34d4-eb81-4340-bd84-7c9baf6a863a,BD-SYN-000199,21,Male,Manikganj,False,False,False,False,False,False,False,False,Dust,,116,68,173.0,72.1,24.1,68,98.1,201.3,13.6,1.01,Normal,Increased thirst,No major diagnosed condition,Never,Sedentary,Never,6.7,True
0223e30a-fb37-4423-8649-d08173bcbf95,25adef81-02eb-4c53-868c-d35c4a3ab811,BD-SYN-000200,60,Male,Manikganj,False,True,False,False,False,True,False,False,,,118,88,166.2,57.7,20.9,85,78.6,155.1,15.7,1.15,Normal,Increased thirst,Hypertension,Never,Moderate,Never,7.2,True
0dfcd085-aa32-4dda-8adc-132cb9ca81b7,7e705c74-2000-4f92-8338-ee3d81cc1b1a,BD-SYN-000201,53,Male,Chandpur,False,False,False,True,False,True,True,False,,,152,76,158.2,67.1,26.8,86,91.1,207.4,14.2,0.98,Nonspecific ST-T changes,Shortness of breath,Hypertension; Cardiovascular disease,Regular,Light,Never,6.6,True
652c6112-0ce9-4065-bb71-637f35e5115f,1870abb5-7177-4d8d-926b-e860c04de3f6,BD-SYN-000202,48,Female,Sirajganj,True,False,False,False,False,False,False,False,Pollen,3,129,76,158.4,59.2,23.6,90,123.8,155.1,13.3,0.66,Normal,Dizziness,No major diagnosed condition,Never,Moderate,Never,7.5,True
c8ba49fc-cea8-4afb-bdcd-da23f4d5c97a,d9c84fdb-4f51-4bdb-991f-1447a6de6129,BD-SYN-000203,71,Male,Narayanganj,True,False,False,False,False,False,True,False,Food,,135,88,171.8,61.4,20.8,83,80.0,210.3,12.5,0.78,Abnormal,Chest discomfort,Cardiovascular disease,Never,Moderate,Never,8.5,True
29f23b3d-1ab1-48f6-aa26-e7289ed896ba,67016af6-e930-489f-bc0f-74a6bd7b25ff,BD-SYN-000204,19,Female,Rajshahi,False,False,True,False,False,False,False,False,,0,126,74,145.0,46.9,22.3,68,117.2,151.6,11.2,0.71,Normal,Shortness of breath,No major diagnosed condition,Never,Light,Regular,7.0,True
3bd1cede-88d5-4080-8b02-23fd11b6ab8c,0adaceb3-16ef-4805-beca-607ba79a8a72,BD-SYN-000205,55,Male,Narail,False,False,False,False,True,False,False,False,,,108,81,166.7,48.6,17.5,68,197.9,267.3,12.7,0.96,Nonspecific ST-T changes,Dizziness,Diabetes mellitus,Never,Moderate,Never,6.9,True
bdf9f147-c4d7-4f51-86f6-177f85d418b7,a69b953d-7b41-4895-8089-a508640d2ee9,BD-SYN-000206,42,Female,Moulvibazar,False,False,False,False,False,False,False,False,Pollen,2,143,81,140,46.1,23.5,73,72.6,231.4,12.8,0.71,Normal,Dizziness,Elevated blood pressure,Never,Light,Never,5.5,False
3a02cb6d-dfbf-41e0-b5e8-e019e41fd881,dd09b3e7-015d-4fbc-aeb2-0ee60bac7d09,BD-SYN-000207,57,Female,Mymensingh,True,True,False,False,False,False,False,False,,5,115,81,162.5,54.7,20.7,80,83.8,177.0,11.6,0.52,Sinus tachycardia,Fatigue;Headache,No major diagnosed condition,Never,Light,Never,9.5,False
ce576d30-346e-44a8-a135-dfdc7e5269da,f54c6e85-40db-4d06-b59b-87d6e06b1423,BD-SYN-000208,51,Female,Chandpur,False,True,False,False,False,False,False,False,,4,120,77,155.7,63.3,26.1,74,92.4,191.0,11.7,0.85,Normal,Back pain,No major diagnosed condition,Never,Sedentary,Never,7.0,True
d725fe70-273b-4a3a-9c19-5976e950a695,afe1957f-4922-41f1-9c47-cc19d919c03a,BD-SYN-000209,50,Male,Chattogram,False,True,False,False,False,False,False,False,,,109,66,164.6,73.2,27.0,81,87.7,223.5,12.3,0.88,Normal,Increased thirst;Frequent urination,No major diagnosed condition,Never,Light,Never,5.7,False
b603e979-a744-41f4-b0e7-2135dbcc2a64,4769129c-16a1-4930-884b-92643d42c929,BD-SYN-000210,74,Male,Narsingdi,False,True,False,False,False,False,False,False,,,127,80,162.8,76.9,29.0,80,67.3,165.0,13.2,1.0,Normal,Headache,No major diagnosed condition,Never,Moderate,Never,7.1,True
401bb1f1-db72-441c-ac3b-3a89d07c1080,757a2ddf-a22c-4691-8b40-82b1ff2a7a02,BD-SYN-000211,41,Male,Nilphamari,False,True,True,False,False,True,False,False,,,149,93,172.5,65.8,22.1,72,75.6,203.5,14.8,0.95,Normal,Increased thirst;Frequent urination,Hypertension,Never,Sedentary,Never,7.4,True
5054d3e1-1493-4644-9d12-d7aefc0af6a9,e238d98d-1daf-4fd8-8367-1b678520cc9b,BD-SYN-000212,70,Female,Noakhali,False,True,False,False,False,True,False,False,,0,137,71,152.7,52.9,22.7,70,89.9,172.3,13.2,0.79,Normal,Poor sleep,Hypertension,Never,Light,Never,6.2,False
6f2c5883-f9fd-482c-bd0c-b9b860bc5798,e2d18fd6-ddb7-4e06-9565-49e6be3cafa7,BD-SYN-000213,58,Female,Barishal,False,False,False,False,True,True,False,False,Dust;Pollen,3,132,91,152.6,52.2,22.4,60,160.2,267.8,10.1,0.84,Normal,Frequent urination,Diabetes mellitus; Hypertension,Never,Light,Never,7.6,True
867c5ef0-eb18-497a-b44c-18549cb1fd90,0d357976-2e39-419a-91f2-9e7a2697e7de,BD-SYN-000214,35,Female,Narsingdi,True,False,False,False,True,False,True,False,Dust,4,108,73,165.8,50.3,18.3,80,186.8,148.4,12.2,0.84,Sinus tachycardia,Chest discomfort,Diabetes mellitus; Cardiovascular disease,Never,Light,Never,7.2,True
dc168f27-21fc-45f8-b64a-badfcc886737,f9ef4d3d-06ce-4d12-961e-b26082e04898,BD-SYN-000215,51,Female,Sunamganj,False,False,False,False,False,False,False,False,,3,119,73,158.0,59.2,23.7,84,82.8,245.4,11.5,0.97,Normal,Dizziness,No major diagnosed condition,Never,Sedentary,Never,7.7,False
d42f3095-703b-4474-9d17-7125f6105b55,7543a9df-942d-48a5-af8f-215118aca18a,BD-SYN-000216,80,Male,Shariatpur,True,False,False,True,False,False,False,False,,,114,80,163.1,73.2,27.5,69,97.7,242.5,14.7,0.93,Normal,Dizziness;Headache,No major diagnosed condition,Regular,Sedentary,Never,6.9,True
e46ef17f-e760-4fac-948e-0e7ecd346e79,761d9611-bfa7-42b2-94e2-5b42a64f2131,BD-SYN-000217,35,Female,Mymensingh,False,False,True,False,False,False,False,False,NSAIDs,1,98,72,161.5,67.8,26.0,77,107.5,189.9,15.1,0.66,Normal,Headache,No major diagnosed condition,Never,Active,Never,6.2,False
c6f5da30-98c2-48b9-b265-184592a7698f,f9ce176c-d1b9-4ae7-9324-7ae3f491c868,BD-SYN-000218,77,Male,Pirojpur,True,False,True,False,False,True,True,False,,,143,88,170.1,85.4,29.5,64,87.3,233.7,13.1,1.16,Sinus bradycardia,Poor sleep,Hypertension; Cardiovascular disease,Never,Light,Never,6.4,False
1d866114-91ba-40ee-ac82-1c52ef7f601f,f202a700-bb5b-4a63-af84-04554bb2d434,BD-SYN-000219,78,Female,Cox's Bazar,False,False,False,False,True,True,False,True,Pollen,5,130,88,159.9,65.2,25.5,99,146.9,322.4,12.1,1.23,Sinus tachycardia,Frequent urination,Diabetes mellitus; Hypertension; History of stroke,Never,Sedentary,Never,7.3,True
88ecf071-faa9-437f-944d-9057e94ecd77,928e3fb8-8183-4754-a104-2030472f9d35,BD-SYN-000220,30,Male,Panchagarh,False,False,False,False,False,False,False,False,NSAIDs,,130,81,162.0,62.7,23.9,61,92.7,207.9,13.4,0.9,Sinus bradycardia,Dizziness,No major diagnosed condition,Never,Active,Never,8.1,True
8d154826-3b88-4d86-80f2-b13b58cba3cf,ba1ec6d7-8275-4534-acad-7937da99d5d2,BD-SYN-000221,71,Female,Kushtia,True,True,False,False,False,False,False,False,Dust,3,123,73,158.6,62.6,24.9,78,82.2,168.5,12.4,1.32,Nonspecific ST-T changes,Frequent urination,No major diagnosed condition,Never,Moderate,Never,8.5,True
7d867f96-3b84-433b-bd08-b220b7473f67,12bb87e8-bbb2-496d-a59c-289de0419fd7,BD-SYN-000222,40,Male,Gopalganj,False,True,False,False,False,False,False,False,,,137,63,172.2,68.2,23.0,60,89.9,213.9,15.5,0.98,Normal,None,No major diagnosed condition,Never,Moderate,Regular,6.2,False
346e62a5-b902-4583-9b6f-f6d8791fc1ee,e614622d-87aa-4c94-ac62-ea8b5ebf0af1,BD-SYN-000223,35,Male,Lalmonirhat,False,True,False,True,False,False,False,False,,,116,88,170.1,52.9,18.3,63,117.9,213.0,14.2,0.62,Nonspecific ST-T changes,None,No major diagnosed condition,Never,Active,Never,6.5,False
926d067d-eb79-4163-ab90-e8c525115428,519f9027-79f3-4bb4-bcfc-a5810aafb940,BD-SYN-000224,33,Male,Noakhali,False,True,False,False,False,False,False,False,,,122,86,170.1,66.0,22.8,52,91.0,167.5,15.8,0.83,Normal,Joint pain,No major diagnosed condition,Never,Light,Never,6.0,False
a2155c2e-f7a2-4392-ab60-72e4a7025746,6c1f18bb-dd6c-42bc-b151-3e3ac8093e96,BD-SYN-000225,39,Female,Faridpur,False,True,False,False,False,False,False,False,,0,109,82,150.6,61.0,26.9,89,116.9,160.0,12.8,0.95,Normal,Frequent urination,No major diagnosed condition,Regular,Light,Never,7.1,True
4ee8a5cd-bcc6-4467-ab66-737f782a0c61,31b5cdea-9573-43c2-803c-9957ba97c7e6,BD-SYN-000226,25,Female,Cox's Bazar,True,True,False,False,False,False,False,False,,2,108,78,165.9,64.7,23.5,67,81.7,245.3,12.5,0.53,Normal,Palpitations,No major diagnosed condition,Never,Moderate,Never,5.8,False
98029886-005d-45bc-9fa5-ec0bcf92268e,0837c624-3266-48ef-b806-e7a20d6516ce,BD-SYN-000227,73,Male,Natore,True,False,False,False,True,True,False,False,,,161,82,181.3,63.4,19.3,69,159.5,184.6,15.2,1.22,Normal,Fatigue,Diabetes mellitus; Hypertension,Never,Moderate,Never,6.2,False
cff3c109-a588-4f36-8c4e-ec4dc3ebf5a0,d05ed27c-ad4a-4c83-ae8b-8f790a7ebbe2,BD-SYN-000228,75,Male,Jhenaidah,False,False,False,False,True,False,False,False,,,114,61,173.1,70.7,23.6,70,118.8,220.2,13.7,0.99,Sinus tachycardia,Dizziness,Diabetes mellitus,Never,Light,Never,5.5,False
609bcabe-f5e7-4853-865b-9b7518ade1ac,2130670a-06d8-4765-842f-733601a40465,BD-SYN-000229,39,Male,Barishal,True,False,False,False,False,False,False,False,Dust,,115,73,164.5,44.6,16.5,86,87.3,156.6,15.4,0.7,Normal,Poor sleep,No major diagnosed condition,Never,Sedentary,Never,7.9,True
98ab66d0-0dd2-4e43-8762-fbb5ac37d42c,11af342b-9a5c-46f4-b2ec-62bafb10a3e0,BD-SYN-000230,79,Female,Rajshahi,False,False,False,False,False,True,False,False,,3,151,74,158.5,62.1,24.7,70,103.5,206.9,11.3,0.71,Normal,Increased thirst;Frequent urination,Hypertension,Never,Sedentary,Never,7.0,False
910beae2-4362-4e00-967e-0a6eb2e7e712,1a626a56-fe3a-4433-bc8a-d83637566786,BD-SYN-000231,48,Male,Barishal,True,False,True,False,False,False,False,False,Dust,,128,72,179.9,84.1,26.0,81,92.3,155.9,12.7,0.56,Normal,Increased thirst,No major diagnosed condition,Regular,Sedentary,Never,6.7,True
d18a4e86-3a43-4d65-9557-6dcdf881697e,63a3f45b-f145-46a6-b397-cc23466e3623,BD-SYN-000232,56,Male,Kishoreganj,False,False,False,False,False,False,False,False,,,115,68,165.7,76.3,27.8,82,92.2,177.4,14.4,1.18,Normal,Shortness of breath,No major diagnosed condition,Never,Sedentary,Never,7.2,True
f392c937-90cd-4c92-a2d9-26023f817204,5756df00-adb8-4832-9596-1b84437831ed,BD-SYN-000233,63,Female,Chattogram,True,False,False,True,False,True,False,False,,3,146,76,156.7,58.9,24.0,74,89.8,173.5,12.7,0.76,Normal,Chest discomfort,Hypertension,Never,Light,Never,7.2,True
53bdc55a-86aa-4dfe-9d19-d3e30d483163,767c470b-f7ad-40f3-af59-53bd901ded08,BD-SYN-000234,58,Female,Narayanganj,False,False,False,True,False,True,False,False,NSAIDs,2,120,90,157.3,40.8,16.5,79,127.4,244.1,10.9,0.72,Normal,Chest discomfort,Hypertension,Never,Active,Never,6.8,True
7a44f1f5-126f-494f-834d-5f509dd49514,57b41ae8-3b31-4514-a7ed-be6cd9d78556,BD-SYN-000235,41,Male,Cox's Bazar,False,True,False,False,False,False,False,False,,,124,77,176.7,84.3,27.0,73,88.6,179.7,14.2,0.88,Abnormal,Fatigue;Headache,No major diagnosed condition,Never,Light,Regular,8.7,True
e039fc0a-c2dd-4797-b31b-fa6e372447d6,29146c04-e71b-4e98-a88c-e2d7a81f284f,BD-SYN-000236,66,Female,Gopalganj,False,False,False,False,False,False,True,True,,3,121,80,162.1,85.1,32.4,91,99.0,238.7,10.9,0.83,Sinus tachycardia,Shortness of breath,Cardiovascular disease; History of stroke,Regular,Light,Never,6.6,True
d3f2f61f-7b3c-4229-8bf4-e6b41873fd0b,e76ded99-0dab-43b9-a8dd-81ec7158c43b,BD-SYN-000237,56,Female,Feni,False,False,False,False,False,False,False,False,Dust,5,111,75,152.7,55.3,23.7,71,110.3,185.1,11.4,1.02,Normal,Chest discomfort,No major diagnosed condition,Never,Moderate,Never,8.7,True
6f71ab1f-15a1-4338-a522-3bdeb96429e6,7115d5fc-82bf-44a2-b180-3f35b9e1b777,BD-SYN-000238,72,Male,Khulna,False,True,False,False,False,False,True,False,,,137,77,168.4,50.8,17.9,68,88.1,177.8,11.9,0.99,Sinus tachycardia,Shortness of breath,Cardiovascular disease,Never,Light,Occasional,6.1,False
ced86d7c-d952-44bc-a39c-54f69317fc57,641c7f06-cf06-43a8-8db0-5c713e4ec68b,BD-SYN-000239,66,Male,Noakhali,False,True,False,False,True,False,False,False,,,106,81,159.9,59.6,23.3,61,153.0,183.6,15.3,1.23,Normal,Fatigue,Diabetes mellitus,Never,Light,Never,5.5,False
81609bcc-650f-4206-956f-123613408335,7937b3b6-0ab4-4b29-bef9-9ebc894b44a0,BD-SYN-000240,41,Female,Comilla,False,False,True,False,False,False,False,False,,2,125,69,161.0,82.9,32.0,88,118.0,181.6,11.7,0.54,Normal,Shortness of breath,Obesity,Never,Moderate,Never,6.6,True
8ffa5399-13da-495c-b1fb-d2e9b1e55464,b4b933ac-2bd2-4df7-9ee5-c7d3182b24a8,BD-SYN-000241,28,Male,Barishal,False,True,False,False,False,False,False,False,,,116,77,162.6,76.4,28.9,70,90.8,229.0,13.8,0.7,Sinus bradycardia,Dizziness;Headache,No major diagnosed condition,Never,Sedentary,Never,6.3,False
de4694e7-905b-47c3-9e08-0b3e63176b5d,8a5d38ea-0adb-4d86-bb7e-8b261ce45e66,BD-SYN-000242,58,Male,Habiganj,True,False,False,False,True,False,False,False,,,131,61,179.0,90.4,28.2,64,192.3,152.9,15.0,0.82,Normal,Back pain,Diabetes mellitus,Never,Light,Never,5.4,False
d80f6b3f-ff4b-4c18-90c0-6adb88894e68,d3c88501-6936-49b2-9937-da002be88b29,BD-SYN-000243,44,Female,Pabna,False,True,False,True,False,False,False,False,Pollen,5,99,71,160.1,51.8,20.2,61,78.2,137.7,12.3,0.62,Normal,Palpitations,No major diagnosed condition,Never,Light,Never,8.6,True
e5040ead-532a-43fd-a0ea-2bba27b3ade0,c4cca876-740a-4cae-a0a0-3811f87e2cdf,BD-SYN-000244,43,Male,Naogaon,True,True,False,False,False,False,False,False,,,126,70,172.5,73.8,24.8,83,84.7,243.7,16.2,0.82,Normal,Palpitations,No major diagnosed condition,Regular,Light,Never,7.6,True
ec30ba16-3203-40ce-9eec-6ed88c4f2c55,629ceef0-1ba1-49a9-9b6d-259293929e63,BD-SYN-000245,37,Female,Tangail,False,True,False,False,False,False,False,False,,2,125,77,146.3,45.4,21.2,63,96.0,253.8,14.2,1.0,Normal,Joint pain,No major diagnosed condition,Never,Light,Never,5.7,False
6b737a9d-33cc-49f3-becf-c31676b75870,9d70bcd4-2466-4da2-b114-461b7462c8df,BD-SYN-000246,36,Male,Chapainawabganj,False,False,False,False,False,False,False,False,,,107,79,170.5,62.8,21.6,70,97.6,200.7,14.7,0.97,Normal,Dizziness,No major diagnosed condition,Never,Active,Never,6.3,False
14504e8e-37ad-4717-8208-21189f264ba1,f8a92e14-29b8-474f-9c3a-2c49f4b6dce3,BD-SYN-000247,45,Male,Dinajpur,False,True,False,False,False,False,False,False,,,120,84,172.1,86.8,29.3,87,90.8,169.7,14.3,1.06,Normal,Joint pain,No major diagnosed condition,Occasional,Sedentary,Never,7.5,True
0b966085-8fa7-42c9-ab61-0a08313eb96f,d7fe1843-05ff-4c43-8bee-854e2ea3f8f2,BD-SYN-000248,56,Male,Moulvibazar,True,False,False,False,False,False,False,False,Food,,118,66,180.1,81.1,25.0,62,90.7,160.0,13.7,0.82,Normal,Headache,No major diagnosed condition,Never,Light,Never,8.3,True
30a86e42-9966-444d-b3a4-11bf8cc3a84e,c1bc8572-512b-401c-92eb-b26736602193,BD-SYN-000249,18,Male,Jessore,True,True,False,False,True,False,False,False,,,121,69,174.9,84.7,27.7,74,173.9,202.2,15.5,1.15,Nonspecific ST-T changes,Headache,Diabetes mellitus,Regular,Sedentary,Regular,8.8,False
9f4bbb2b-87b8-424a-94ab-5f28d082a4de,95571d6c-2e53-4f85-9385-281c0558f05f,BD-SYN-000250,74,Female,Dinajpur,False,True,False,True,False,False,False,False,,4,128,88,166.5,75.7,27.3,81,104.5,210.2,10.0,0.82,Normal,Frequent urination,No major diagnosed condition,Never,Light,Never,6.4,False
9b658c94-7f21-4216-a81d-f2ce94922478,11ebd2f2-9ac3-4e0f-ab6a-969f6ee8d20e,BD-SYN-000251,24,Female,Cox's Bazar,False,False,True,False,False,False,False,False,Pollen,1,110,77,160.5,66.5,25.8,94,89.8,216.5,13.3,0.58,Sinus tachycardia,Dizziness;Headache,No major diagnosed condition,Never,Moderate,Never,6.3,False
6c08040b-66e7-404d-be15-6c804f9c07e3,7ff1ae6a-08ef-48c0-919b-b92b294309be,BD-SYN-000252,59,Female,Kushtia,False,False,False,False,True,False,True,False,,3,104,83,161.1,42.8,16.5,61,120.8,178.8,10.1,0.56,Nonspecific ST-T changes,Frequent urination,Diabetes mellitus; Cardiovascular disease,Never,Sedentary,Never,6.1,False
467068fd-2f03-44e2-a824-a0d43083a250,ccba7b4f-2ae3-4f1a-a9eb-36ecd7a13be2,BD-SYN-000253,52,Female,Madaripur,False,False,True,False,True,False,False,False,,3,120,80,154.3,60.0,25.2,66,144.8,218.4,13.9,0.74,Normal,Chest discomfort,Diabetes mellitus,Never,Sedentary,Never,6.3,False
8a8afd03-87f6-402a-bb54-43665063d1f6,0f9d4d13-c546-4211-ac39-a0a4bb5c1470,BD-SYN-000254,80,Female,Jhalokathi,False,True,False,False,False,False,False,False,,4,120,71,151.5,71.6,31.2,77,116.6,163.8,14.8,0.62,Normal,Back pain,Obesity,Never,Moderate,Never,8.2,True
b94be4ba-3b29-42b8-84fa-74955deae080,7cf29463-b682-43e9-9582-fa5704fb509f,BD-SYN-000255,54,Female,Brahmanbaria,False,False,True,False,False,False,False,True,,3,112,85,150.3,55.8,24.7,78,94.5,213.9,12.8,0.98,Nonspecific ST-T changes,Chest discomfort,History of stroke,Never,Sedentary,Never,5.9,False
0972cfe7-5547-442f-9e3a-99eec42aec94,084c30d0-5272-460b-8633-4adfcff78137,BD-SYN-000256,47,Female,Munshiganj,True,False,False,False,False,False,False,False,Food,2,128,72,156.7,58.9,24.0,58,105.9,201.5,15.8,0.73,Normal,Poor sleep,No major diagnosed condition,Never,Moderate,Never,6.4,False
969bb4c3-a68e-4398-b2b9-ffa32d00a71e,18ce63ee-af4a-4b43-8b93-a5c96ae3c022,BD-SYN-000257,20,Male,Bogura,False,True,False,False,False,False,False,False,Pollen,,118,81,164.3,71.3,26.4,71,60,192.3,13.7,0.68,Normal,Palpitations,No major diagnosed condition,Never,Moderate,Never,6.0,False
a1b7f3e3-e7b1-45e0-89a3-f715e8a3e5bd,f7291a74-89f7-4785-a8b6-6e3c9ba48796,BD-SYN-000258,44,Female,Jhalokathi,True,False,False,False,False,False,False,False,NSAIDs,1,120,83,170.9,59.3,20.3,78,83.7,277.9,13.2,0.92,Sinus tachycardia,Chest discomfort,No major diagnosed condition,Never,Sedentary,Never,6.1,False
a27e884c-e996-4990-ad48-2779c2ad9028,99f2206e-6b7f-4f3f-a4da-df0a16197685,BD-SYN-000259,32,Male,Panchagarh,True,False,False,False,False,False,False,False,Penicillin,,127,76,164.5,54.4,20.1,90,81.8,141.4,16.8,0.88,Normal,Chest discomfort,No major diagnosed condition,Never,Moderate,Never,6.1,False
d462dce5-d82f-4219-b519-3d1466fbf2ed,0f199c66-557c-429f-94b8-ad3cc9f3943a,BD-SYN-000260,38,Male,Kurigram,False,False,False,False,False,False,False,False,,,100,69,160.3,51.1,19.9,59,63.0,200.8,13.2,0.92,Normal,Headache,No major diagnosed condition,Never,Light,Never,6.4,False
c8bee117-87e4-4953-90ff-b2427d368694,5bc7d46a-48e2-4e57-89a4-18f3fd64b8ac,BD-SYN-000261,78,Female,Tangail,True,True,False,False,True,False,True,True,,1,107,69,145.8,57.6,27.1,74,183.7,220.3,12.6,0.93,Sinus tachycardia,Dizziness;Headache,Diabetes mellitus; Cardiovascular disease; History of stroke,Never,Sedentary,Never,6.7,True
266bb1b0-f75d-4c90-8d80-f3eef1775a64,cd680dba-138a-40b0-8679-8133c7755a97,BD-SYN-000262,75,Male,Patuakhali,True,False,False,False,True,True,False,False,Dust,,141,79,164.6,60.1,22.2,55,143.5,233.4,14.0,1.32,Normal,Frequent urination,Diabetes mellitus; Hypertension,Never,Light,Never,7.5,False
cfcba894-44ee-4f95-9e7f-bb2fa38a7d3f,f6fe99a8-9298-4689-bdcd-dea9019b449a,BD-SYN-000263,59,Male,Jhenaidah,False,False,False,False,False,False,False,False,,,114,64,172.0,58.6,19.8,59,115.0,177.9,15.2,1.11,Normal,Fatigue;Headache,No major diagnosed condition,Occasional,Active,Occasional,5.6,False
ffee9f19-3906-47f8-8c37-e352681aa6ee,dcc1ee08-5552-48a6-96ee-05deb0258825,BD-SYN-000264,43,Female,Comilla,False,False,False,False,False,False,False,False,NSAIDs,2,124,59,147.5,43.5,20.0,92,86.5,188.0,13.5,0.85,Normal,None,No major diagnosed condition,Never,Sedentary,Never,5.9,False
217ae94f-ced8-402f-a999-05cbfc64b0a6,6de09493-cb8d-4a81-abd9-d733c29065a1,BD-SYN-000265,60,Female,Chattogram,False,True,False,False,False,False,False,False,,3,124,75,160.0,73.7,28.8,83,106.1,203.0,12.7,0.76,Normal,Frequent urination,No major diagnosed condition,Never,Light,Never,6.7,True
456a528b-3f2f-4b46-be39-d186a0faf645,647f003a-f976-450d-86d6-13b2d97b6cf8,BD-SYN-000266,27,Female,Manikganj,False,True,False,False,True,False,False,False,Pollen,3,127,83,156.9,70.9,28.8,64,151.5,243.1,10.8,0.79,Nonspecific ST-T changes,Headache,Diabetes mellitus,Never,Sedentary,Never,6.4,False
9a5ba98f-cde4-4e3d-9f49-4e19bd046420,5289590a-8b4f-494a-aac5-167669c1ae9d,BD-SYN-000267,24,Male,Sylhet,False,False,False,False,False,False,False,False,Penicillin,,124,79,171.2,48.4,16.5,67,76.5,180.7,13.8,1.02,Normal,Shortness of breath,No major diagnosed condition,Regular,Moderate,Never,6.9,True
c3c3fe3a-efb0-4c94-8469-8572a222ce77,4eba9329-bd9d-4e50-99b9-10ee549a8145,BD-SYN-000268,66,Male,Rajshahi,True,True,False,False,False,False,False,False,Dust;Pollen,,116,83,167.3,72.5,25.9,60,91.8,251.8,12.8,1.06,Normal,Joint pain,No major diagnosed condition,Never,Light,Occasional,7.6,True
7cbe359a-394f-4693-bb1e-51016f908b77,53dd2eb2-125a-43c6-aefb-068234e9f673,BD-SYN-000269,43,Male,Rangpur,False,True,False,False,False,False,False,False,Food,,101,86,155.4,48.5,20.1,67,75.6,143.6,14.9,0.8,Normal,Increased thirst,No major diagnosed condition,Never,Sedentary,Occasional,5.4,False
2ca3d245-e76d-430f-8136-4ee986c91faa,e28d7282-cf8e-444e-9733-d56af4bb070b,BD-SYN-000270,19,Male,Pirojpur,True,False,False,False,False,False,False,False,Dust,,108,79,176.9,62.9,20.1,79,99.9,201.6,14.0,0.96,Normal,Dizziness,No major diagnosed condition,Never,Sedentary,Never,7.6,True
e93ceb65-a247-4f58-b9d6-7c37ac5a7515,a3cb082f-45c0-46a0-b6c4-0be5c57b22d3,BD-SYN-000271,41,Male,Mymensingh,True,False,False,False,False,False,False,False,,,114,78,169.2,71.6,25.0,83,84.7,201.7,14.8,1.19,Normal,Increased thirst,No major diagnosed condition,Never,Light,Never,6.0,False
bb10e270-8e2c-4669-a6be-23bfc09afa3c,a5494435-3d10-442c-b67a-ec6ae2e71c1b,BD-SYN-000272,57,Male,Bhola,False,False,False,False,False,False,False,False,,,125,75,172.9,56.8,19.0,79,88.4,191.5,16.2,0.9,Normal,Headache,No major diagnosed condition,Never,Light,Never,6.7,True
8e8c35b6-0526-49a2-a7cd-2226fb45addd,91d399f1-fc94-44c6-baa6-10dfddcef4cd,BD-SYN-000273,58,Female,Gazipur,False,False,False,False,False,True,False,False,,3,139,76,150.3,47.9,21.2,65,89.8,154.6,11.9,0.99,Sinus bradycardia,Dizziness,Hypertension,Never,Moderate,Never,6.4,False
eaeadd06-6747-4330-9773-378f11634153,8c64ba20-fd3b-4e79-a7fa-dfb5909ca192,BD-SYN-000274,68,Male,Jhenaidah,False,False,True,False,False,True,False,False,,,155,81,166.4,82.0,29.6,63,74.2,246.5,13.4,0.97,Nonspecific ST-T changes,Headache,Hypertension,Never,Active,Never,6.2,False
cf1bc435-9ede-43ac-b8a6-565e56aa5789,959b2a0d-3adc-4d96-b315-f75623092963,BD-SYN-000275,27,Male,Bogura,True,False,False,False,False,False,False,False,,,101,69,176.9,62.0,19.8,77,82.2,222.3,12.6,1.33,Normal,Increased thirst;Frequent urination,No major diagnosed condition,Regular,Moderate,Never,7.0,True
76b7f68b-8d46-493c-ae4d-88bdd5affd5a,86e80132-5440-43d7-8b5f-bb72f6d45815,BD-SYN-000276,61,Male,Rangpur,False,False,False,False,False,True,False,False,,,139,106,169.4,88.7,30.9,75,79.4,223.9,13.6,1.08,Normal,Joint pain,Hypertension,Regular,Sedentary,Never,6.4,False
a0ec2564-ab19-4344-8f30-1d38681f29a0,9437ecaf-5690-4f1e-8a8d-454d814cbc0f,BD-SYN-000277,70,Female,Narayanganj,True,False,False,False,False,False,False,False,Dust,3,127,71,162.3,78.2,29.7,76,101.1,170.9,11.9,1.14,Normal,Palpitations,No major diagnosed condition,Never,Light,Never,7.1,True
828bb5d2-41f0-4879-b83c-250230caae55,5632167e-129a-4e2d-a754-d9882f8933dc,BD-SYN-000278,64,Male,Panchagarh,False,False,False,True,False,False,False,False,,,132,90,178.5,97.2,30.5,61,123.8,209.3,14.2,0.8,Normal,Headache,Obesity,Never,Sedentary,Never,6.2,False
43076c69-9df8-4603-8fbf-7df2977064ab,1564fd39-9303-4544-a7cd-ac472d241c94,BD-SYN-000279,27,Male,Dhaka,False,False,False,False,False,False,False,False,Pollen,,128,78,167.0,73.9,26.5,72,81.7,214.2,13.0,0.9,Normal,Frequent urination,No major diagnosed condition,Occasional,Light,Never,7.6,True
302a78b9-358e-49f2-9047-4289d752ce55,691d6e6b-2cf5-4b75-a0f9-1775a36c5516,BD-SYN-000280,80,Female,Gaibandha,False,False,False,False,False,False,True,False,,2,129,76,152.4,62.5,26.9,71,92.2,207.3,13.9,0.8,Normal,Chest discomfort,Cardiovascular disease,Never,Sedentary,Never,6.3,False
38eff8e1-0d43-44fc-85ba-30c61afa5f62,6804d1b3-638b-4093-b545-91b6e0d705dc,BD-SYN-000281,77,Female,Manikganj,True,True,True,False,True,True,False,False,,4,146,98,160.1,56.6,22.1,76,150.6,189.3,12.6,0.9,Normal,Increased thirst;Frequent urination,Diabetes mellitus; Hypertension,Never,Active,Never,7.1,True
fbfd0fa8-dd3d-4b4d-9732-7b74eb56364a,4ed696eb-3839-43da-a827-f6eda8186590,BD-SYN-000282,37,Male,Chattogram,False,True,False,False,False,False,False,False,,,138,73,165.3,65.3,23.9,84,101.3,196.1,15.1,0.87,Normal,Fatigue,No major diagnosed condition,Regular,Moderate,Never,7.7,True
aff58972-4ffc-4a37-93e1-42212d865521,d73c0591-0cf1-4711-bc71-6054115779b2,BD-SYN-000283,18,Female,Barishal,False,False,True,False,False,False,False,False,,0,114,69,160.5,50.5,19.6,58,106.6,168.7,12.2,0.88,Normal,Poor sleep,No major diagnosed condition,Never,Light,Never,8.2,False
29cc6a08-fa7f-4006-9931-12f9d4dc3588,1923e068-ac03-43ed-86c1-abe2c358494d,BD-SYN-000284,79,Male,Kishoreganj,False,True,False,False,True,True,False,True,,,134,64,167.5,71.8,25.6,60,204.3,196.1,14.2,1.32,Abnormal,Fatigue;Headache,Diabetes mellitus; Hypertension; History of stroke,Never,Moderate,Never,5.6,False
3bfce8cb-8ed4-420a-b3a8-7b82a041ec78,50fd7fcd-44d1-4bd9-9a65-af16afb2b2a9,BD-SYN-000285,30,Male,Narayanganj,False,False,False,False,False,False,False,False,,,126,74,165.8,72.3,26.3,64,100.4,190.5,13.2,1.45,Normal,Increased thirst,No major diagnosed condition,Never,Sedentary,Never,6.9,True
d7a4048f-27b3-4780-91ec-f06144d70e57,c964bfee-0f03-4068-8851-bf25fadee512,BD-SYN-000286,26,Female,Dhaka,True,False,False,False,False,False,False,False,,3,117,76,160.6,62.9,24.4,87,104.0,236.6,14.3,1.01,Normal,Headache,No major diagnosed condition,Never,Moderate,Never,8.1,True
4494998f-9df5-4424-83d8-719072a01705,23659776-77a1-4ada-b0c0-fb35c42d5ace,BD-SYN-000287,76,Male,Bogura,True,False,False,True,True,False,False,False,,,121,75,169.1,47.8,16.7,63,200.7,171.8,14.1,0.98,Normal,Frequent urination,Diabetes mellitus,Never,Light,Never,6.9,False
bdb46d05-5848-44d9-ac4f-8a551e80c047,906295a0-df34-4153-8321-d3e9d271a685,BD-SYN-000288,67,Female,Madaripur,True,False,True,False,False,False,False,False,,3,126,78,159.0,56.1,22.2,83,94.1,150.5,12.0,1.22,Normal,Fatigue,No major diagnosed condition,Never,Light,Never,6.7,True
e2b75bea-504c-4178-9494-63ebc5f5fb07,766bcc7b-47b9-45bb-9ab4-c5992618b606,BD-SYN-000289,60,Male,Pirojpur,False,True,False,False,False,False,False,False,,,111,60,157.0,46.8,19.0,77,83.0,227.1,15.4,0.7,Normal,Dizziness;Headache,No major diagnosed condition,Never,Moderate,Never,6.2,False
0f28daf3-044d-4caf-ac23-c2a402d8ebc4,7650b2b3-8e97-4d12-9675-98cbb822d946,BD-SYN-000290,47,Female,Faridpur,False,True,True,True,True,False,False,False,Penicillin,0,118,74,145.7,58.8,27.7,73,162.7,223.0,10.4,0.96,Normal,Increased thirst;Frequent urination,Diabetes mellitus,Never,Moderate,Never,6.5,True
70249ea0-f2be-4047-a7f3-3a3b35872458,3c624604-1d01-49e9-9671-5a7025c03ff5,BD-SYN-000291,31,Female,Gaibandha,False,True,False,True,False,False,False,False,,3,121,70,156.0,58.4,24.0,65,77.1,228.7,10.6,0.49,Normal,Frequent urination,No major diagnosed condition,Never,Light,Never,7.6,False
75332a6c-3a59-4e45-9852-13e38015a3e9,69eeb8ed-28cf-4e08-b181-d4577e5ce840,BD-SYN-000292,78,Male,Tangail,False,True,False,False,False,True,False,False,,,141,87,173.7,88.1,29.2,89,102.4,240.7,15.8,0.72,Normal,Increased thirst,Hypertension,Regular,Sedentary,Never,8.1,True
0ada11b8-16c4-44cb-8c58-431a9f7b1b1f,15a9de5a-1fd1-4d99-ad02-119bd1ea778a,BD-SYN-000293,72,Male,Bagerhat,False,False,True,False,False,True,True,False,,,145,71,159.6,55.8,21.9,74,93.5,218.9,14.9,1.09,Sinus tachycardia,Dizziness,Hypertension; Cardiovascular disease,Never,Active,Never,7.8,True
e8e8e03c-2fcf-4c3a-8832-82ce494aed9f,1327e451-62c7-4c50-aa69-d7b974aa6463,BD-SYN-000294,35,Female,Gopalganj,False,True,False,False,False,False,False,False,,3,119,77,156.3,69.6,28.5,81,87.9,153.4,10.4,1.01,Sinus bradycardia,Fatigue,No major diagnosed condition,Never,Sedentary,Never,6.8,True
532e0811-c32f-463e-b5c0-853e1bb1bfbc,4b9d2465-3638-4e78-8427-787c264ac8ab,BD-SYN-000295,21,Female,Magura,False,False,False,True,False,False,False,False,,0,114,67,155.0,56.9,23.7,62,83.2,210.2,12.2,0.84,Normal,None,No major diagnosed condition,Never,Moderate,Never,4.3,False
cc02991d-325b-4bec-968b-bd9354895fcb,8694c1af-dd30-4823-92b5-6b945f9c99cb,BD-SYN-000296,71,Female,Panchagarh,False,False,False,False,False,True,False,True,,0,144,80,159.5,63.6,25.0,74,99.4,160.1,12.4,0.45,Nonspecific ST-T changes,Chest discomfort,Hypertension; History of stroke,Never,Moderate,Never,6.1,False
8bdbfd12-a8f0-4755-aa38-1560dfeb326a,eb7c22f3-00a4-440d-9182-34a4f32de97d,BD-SYN-000297,28,Male,Chapainawabganj,False,False,False,False,False,False,False,False,Dust,,112,79,161.1,48.0,18.5,77,73.4,196.1,15.4,1.1,Normal,Increased thirst;Frequent urination,No major diagnosed condition,Regular,Moderate,Never,6.9,True
f2dd4aca-a693-4785-8b0b-3130e2fa1ba8,f5dcd082-a76c-4a58-a2b4-5da44acaa733,BD-SYN-000298,66,Male,Barishal,False,False,False,False,False,False,False,False,,,110,72,171.0,72.2,24.7,74,98.2,202.9,15.8,1.16,Normal,Increased thirst,No major diagnosed condition,Never,Light,Never,6.7,True
ea029e78-9cf9-4e18-b65a-3714d83b039d,5a221508-6881-473b-a3d4-7f214eaefda4,BD-SYN-000299,76,Female,Rajshahi,False,False,False,False,False,True,False,True,,3,147,92,166.1,48.8,17.7,61,107.2,241.2,13.7,0.45,Nonspecific ST-T changes,Back pain,Hypertension; History of stroke,Never,Active,Never,7.7,True
6dd388fd-7e61-4be4-8fa9-1a7707868b6d,93b4f61f-5bd7-4f5a-91e1-043e61388303,BD-SYN-000300,46,Female,Pirojpur,True,True,False,False,False,True,False,False,,1,136,86,153.0,81.7,34.9,80,98.3,174.3,12.5,0.65,Normal,Joint pain,Hypertension,Never,Sedentary,Never,7.6,True
817676b0-baee-46d4-85cd-9c8801860c3a,c75712bc-7b6e-4b48-a920-e67a600216b2,BD-SYN-000301,64,Male,Lalmonirhat,False,False,True,False,False,False,False,False,,,120,86,177.2,82.6,26.3,69,99.6,250.6,15.0,1.12,Normal,Increased thirst,No major diagnosed condition,Never,Sedentary,Never,5.8,False
9f8ddb4c-d7c4-492f-99f6-b82d81032f42,ab8b76c7-5143-4ddf-8851-30ff4d42e153,BD-SYN-000302,49,Female,Thakurgaon,True,True,False,False,False,False,False,False,,3,118,70,158.0,63.2,25.3,73,79.5,249.2,12.5,0.87,Normal,Back pain,No major diagnosed condition,Never,Moderate,Never,6.2,False
c79661f4-2e92-4e18-9380-7b9a1a001151,1cb5dac2-2a92-4e63-a9b2-41ff5a878d9c,BD-SYN-000303,71,Male,Moulvibazar,False,False,False,False,False,True,False,False,,,149,91,168.5,64.5,22.7,66,109.1,182.8,13.7,1.11,Normal,Increased thirst;Frequent urination,Hypertension,Former,Sedentary,Never,7.1,True
a6deeb5b-4abd-4d0b-85dd-72712f86171d,b5f0faf4-27c6-4cd4-8e30-9d825987436a,BD-SYN-000304,34,Male,Habiganj,True,True,False,False,False,False,False,False,,,118,82,161.1,64.1,24.7,70,95.4,269.9,13.7,1.26,Normal,Dizziness;Headache,No major diagnosed condition,Never,Sedentary,Never,6.4,False
1b2b1d6d-357f-4a33-8354-36f9e7eb487a,52f938a5-1dba-4339-8eda-1d1753d66984,BD-SYN-000305,43,Female,Jhenaidah,False,True,False,False,False,False,False,False,,4,125,74,154.6,41.3,17.3,72,74.5,180.1,11.6,0.84,Normal,Poor sleep,No major diagnosed condition,Never,Light,Never,7.6,True
2a928519-4db9-4483-b379-5359ee1dd380,ea397113-60bd-4600-8b64-b15e65eaa364,BD-SYN-000306,61,Male,Noakhali,False,False,False,False,False,False,False,False,,,119,82,170.2,84.3,29.1,78,70.2,203.7,13.9,1.05,Nonspecific ST-T changes,Increased thirst,No major diagnosed condition,Never,Sedentary,Never,7.6,False
21904ba7-ff4d-400b-9e9e-3edd0364cf25,06c1ca28-c6f7-4f18-b1b5-49da9b6c5a3f,BD-SYN-000307,79,Female,Jhalokathi,False,True,False,False,True,False,False,False,Pollen,3,121,77,155.4,56.8,23.5,66,165.3,250.0,11.4,1.15,Normal,Frequent urination,Diabetes mellitus,Never,Sedentary,Never,6.4,False
5fa91142-1756-4479-a760-ddf55cfdcf5f,fc439e39-5ace-45d4-8ecb-762c3c84ec0e,BD-SYN-000308,44,Male,Bhola,True,False,False,False,False,False,False,False,Dust,,127,83,163.3,47.5,17.8,75,96.0,166.1,12.5,0.76,Normal,Chest discomfort,No major diagnosed condition,Never,Active,Never,6.1,False
c81bbfd7-7d41-431c-965c-943325ec800a,ceebb561-a623-4112-b9f0-aa935ec13e7a,BD-SYN-000309,78,Female,Rajshahi,False,True,False,False,True,True,False,False,NSAIDs,4,130,75,156.1,50.0,20.5,65,131.2,150.9,11.1,0.93,Nonspecific ST-T changes,Fatigue,Diabetes mellitus; Hypertension,Never,Sedentary,Never,5.3,False
c37b24e9-ce63-4a86-8aaf-53c084903d9e,b28d73f8-6496-44c2-ba58-47205233dda0,BD-SYN-000310,23,Female,Chandpur,False,False,False,False,False,False,False,False,,0,122,72,166.2,70.4,25.5,71,90.0,176.9,13.5,0.78,Normal,None,No major diagnosed condition,Never,Sedentary,Never,4.6,False
c24e208f-4ff6-40f1-a39a-ba29343b55eb,c4395b5b-9037-487a-bdf0-ada5d78c2816,BD-SYN-000311,76,Female,Feni,False,False,True,False,True,False,False,False,,0,116,76,165.9,98.3,35.7,65,150.5,188.9,13.3,0.97,Normal,Frequent urination,Diabetes mellitus,Never,Sedentary,Never,8.2,True
200c1c5b-674f-490a-96f8-8512b916b71b,c684d19f-82c9-4d7f-8731-8f32eb1d88e2,BD-SYN-000312,53,Female,Shariatpur,False,False,False,True,False,True,False,False,,4,128,85,158.0,62.2,24.9,73,100.4,178.5,12.5,0.51,Normal,Fatigue;Headache,Hypertension,Never,Light,Never,6.7,True
2556dba6-2871-4820-a589-af6f554ece61,1c35ccf2-1595-430e-b9c5-19d2899cba5f,BD-SYN-000313,69,Male,Patuakhali,False,False,True,False,True,False,False,False,,,108,75,177.3,83.6,26.6,73,155.5,187.3,15.5,1.16,Normal,Increased thirst,Diabetes mellitus,Never,Sedentary,Never,6.2,False
10c40b12-3e55-4647-ae99-857a70eb2bce,b936b6c9-1051-47c1-a5c7-490f10d2abce,BD-SYN-000314,19,Female,Faridpur,False,True,False,True,False,False,False,False,Pollen,2,123,74,157.9,43.1,17.3,84,94.6,191.3,11.5,0.78,Normal,Frequent urination,No major diagnosed condition,Never,Light,Never,8.0,True
ec85ad5a-5f04-4926-990a-9826b0d65da4,47e1c71d-79db-4f35-b863-6e326d8ffd04,BD-SYN-000315,76,Male,Chattogram,True,False,False,False,False,False,False,False,,,112,71,169.9,68.1,23.6,65,124.5,227.8,12.9,1.25,Nonspecific ST-T changes,Dizziness,No major diagnosed condition,Never,Light,Never,5.1,False
df520ca0-ac96-452d-a679-0f30f34bc552,b9a8db99-7a6e-4c37-a310-0d2ed9db26ce,BD-SYN-000316,60,Male,Pabna,False,False,True,False,False,False,False,False,Dust,,118,75,168.3,70.8,25.0,69,95.2,229.4,14.2,0.97,Normal,Headache,No major diagnosed condition,Never,Light,Never,9.1,True
025b7560-58cc-4d28-8161-29ce7e60250a,add36e79-b94f-4a99-86b0-5d68b2e415cf,BD-SYN-000317,37,Male,Jhenaidah,True,True,True,False,False,False,False,False,,,111,92,177.0,74.6,23.8,93,97.2,180.4,15.5,1.18,Normal,Headache,Elevated blood pressure,Never,Light,Never,7.1,True
cd0805e3-c229-4fda-8f97-cc05370dc0de,e98528bf-51e4-414d-ac11-9d573d0fbef8,BD-SYN-000318,45,Male,Thakurgaon,False,False,False,False,False,True,False,False,Dust,,137,79,175.4,64.9,21.1,71,90.4,152.0,14.2,0.84,Normal,Fatigue;Headache,Hypertension,Never,Light,Never,8.2,True
a51241f6-95ba-40f4-a530-c16567f8dbf3,498dc247-f92b-4916-bc54-d56e15a1a051,BD-SYN-000319,31,Female,Mymensingh,True,False,False,False,False,False,False,False,Dust,0,110,64,150.6,53.8,23.7,90,90.6,210.3,12.6,0.67,Normal,Back pain,No major diagnosed condition,Never,Sedentary,Never,8.0,False
26efeac5-a26a-4d58-b30d-be5d84886621,8dce6c91-499a-4b95-b342-396dbcff10d7,BD-SYN-000320,33,Male,Panchagarh,False,True,False,True,False,True,False,False,,,138,76,165.5,66.8,24.4,75,81.6,179.6,16.4,1.0,Normal,Fatigue;Headache,Hypertension,Never,Moderate,Never,7.4,True
99e8a689-ff39-4e7c-8e0d-f552c03c1756,517fdadd-bdc9-4afc-895e-29227dedd05b,BD-SYN-000321,34,Male,Satkhira,False,False,False,False,False,False,False,False,,,121,56,162.6,49.2,18.6,82,103.5,207.6,14.4,1.11,Normal,Dizziness,No major diagnosed condition,Never,Sedentary,Never,8.5,True
6056dd25-05e3-4cb6-860f-6d0beb1561c5,125549de-5dc6-48f2-8a92-a8c244602124,BD-SYN-000322,18,Female,Jhenaidah,False,False,False,False,False,False,False,False,,1,116,77,154.0,50.8,21.4,79,88.8,124.7,12.4,0.56,Normal,None,No major diagnosed condition,Never,Active,Never,6.4,False
b02cdf30-4055-4b80-9f0c-a30b56994019,3d8f7775-8d9d-49c8-8494-71a643032782,BD-SYN-000323,29,Male,Chandpur,True,False,False,False,False,False,False,False,,,137,71,180.6,94.9,29.1,93,102.2,178.1,14.3,1.16,Normal,Poor sleep,No major diagnosed condition,Regular,Light,Never,8.0,True
41dd9230-a8b7-40bf-a8e1-ca865294c015,c2fb5797-7a06-4680-aabb-387ca13cc51a,BD-SYN-000324,30,Female,Sirajganj,True,True,False,False,False,False,False,False,,1,107,80,151.4,48.6,21.2,84,95.4,169.5,14.8,0.94,Normal,Palpitations,No major diagnosed condition,Never,Moderate,Never,5.3,False
f17adde6-b32a-4b52-9d0b-29e14c58b168,70002498-f1d2-4fb0-b038-a1b2bfaf1874,BD-SYN-000325,55,Male,Dhaka,False,True,False,False,False,False,False,False,,,106,70,168.4,61.0,21.5,79,102.9,205.3,12.8,1.14,Normal,Palpitations,No major diagnosed condition,Regular,Sedentary,Never,4.1,False
cac6732e-69b7-4406-8b8c-a70c3337aa5e,b4c2e6be-5ce6-4647-b3b2-f7dea922854e,BD-SYN-000326,57,Male,Dhaka,False,True,False,False,False,False,False,False,,,125,76,170.6,48.9,16.8,68,84.3,149.4,13.5,0.92,Normal,Frequent urination,No major diagnosed condition,Former,Light,Never,7.6,True
6d2418e9-4529-4f60-bda3-936e3429c27e,205877a1-695b-4269-bbd5-e9240f19d9d6,BD-SYN-000327,49,Male,Chandpur,False,True,False,False,False,False,False,False,Pollen,,93,85,156.4,68.7,28.1,71,114.4,135.9,14.2,0.69,Normal,Joint pain,No major diagnosed condition,Regular,Light,Never,6.8,False
ad91db7e-e708-4771-823c-15b2d0d2eb7f,3baab56d-a281-4fb2-8ebe-3e430ef5b970,BD-SYN-000328,28,Female,Narayanganj,False,False,False,False,False,False,False,False,Dust,2,114,78,159.5,63.9,25.1,75,76.7,228.3,11.9,0.68,Normal,Palpitations,No major diagnosed condition,Never,Sedentary,Never,8.0,False
1248dd1a-0f9e-487b-832d-d95b135e3ca0,99ac300f-85ce-47c3-ad8b-10438e05b811,BD-SYN-000329,25,Male,Jhenaidah,False,False,False,False,False,False,False,False,,,133,61,167.9,66.5,23.6,81,124.7,128.9,14.9,0.98,Normal,Shortness of breath,No major diagnosed condition,Never,Moderate,Never,7.6,True
6634060d-eb3a-4e1d-aae5-04826a14a34e,fcaed780-3371-45f3-94fe-32380be78236,BD-SYN-000330,64,Female,Comilla,False,False,False,False,False,False,False,False,Penicillin,3,118,67,161.3,81.2,31.2,75,110.7,178.9,12.1,0.79,Nonspecific ST-T changes,Back pain,Obesity,Never,Sedentary,Never,6.7,False
361e193f-d9cb-495b-9f2d-ad251969f70c,84de0f40-d068-4887-98e5-12af6745ba51,BD-SYN-000331,75,Male,Nilphamari,True,False,False,False,False,False,False,False,Food,,116,74,173.7,83.6,27.7,78,133.3,168.4,13.8,1.04,Nonspecific ST-T changes,Palpitations,Hyperglycemia,Never,Sedentary,Never,7.8,True
382c50ae-ff6f-4b01-b0fb-eb2b104a74e2,8d8d098c-2e15-4f35-b255-f631d32c3b46,BD-SYN-000332,35,Female,Brahmanbaria,True,True,False,False,False,False,False,False,,4,137,76,165.6,83.4,30.4,78,109.6,169.9,13.0,0.8,Normal,Chest discomfort,Obesity,Never,Moderate,Never,6.9,True
3245d818-5028-4df4-a247-b427e554d9f2,51f1eb0e-7800-43ea-9a63-4b23e58e7ff0,BD-SYN-000333,39,Male,Rajshahi,False,True,False,False,False,False,False,False,,,108,77,181.8,63.5,19.2,70,105.6,165.5,14.2,0.84,Normal,Shortness of breath,No major diagnosed condition,Never,Moderate,Never,7.2,True
3d253eac-0609-449b-886c-dd8c03f53761,e7d62bad-1dde-4e37-8bcc-a3d71dfc8613,BD-SYN-000334,76,Male,Cox's Bazar,True,True,False,False,False,False,True,False,,,132,66,170.7,71.1,24.4,69,138.2,234.7,12.9,1.19,Abnormal,Fatigue,Cardiovascular disease,Never,Moderate,Never,6.7,False
a2e5d090-5acd-44dc-9de1-7df79765c9e3,5891bf63-75be-4995-b3bb-d20b08a9886f,BD-SYN-000335,22,Male,Jhenaidah,False,False,True,False,True,False,False,False,Dust,,126,79,166.3,83.2,30.1,61,200.8,158.1,13.3,0.92,Sinus bradycardia,Increased thirst,Diabetes mellitus,Never,Light,Never,5.9,False
f9d2f16c-6d34-4873-adb1-35d40ed3b018,d5f665e8-e9ea-4e48-afc5-b7ec1fea795a,BD-SYN-000336,45,Male,Jhalokathi,False,False,True,False,False,False,False,False,Dust,,113,78,165.4,57.7,21.1,61,78.5,243.1,14.6,1.23,Normal,Dizziness,No major diagnosed condition,Never,Light,Never,6.6,True
8e0bf30b-b0f8-428f-91ca-c5f7c5cbd695,9aa4d201-71a0-4dca-84cc-68f5a75b3718,BD-SYN-000337,48,Male,Pabna,False,False,True,False,False,False,False,False,Pollen,,104,66,178.7,71.5,22.4,70,103.4,197.5,13.9,1.02,Normal,Back pain,No major diagnosed condition,Never,Light,Never,6.8,True
bc25c330-b88c-4f86-8ef3-331438c7dc33,eb29d7c2-12f9-4c03-a4cd-f15c595e657a,BD-SYN-000338,36,Female,Bogura,False,False,False,False,False,False,False,False,Pollen,1,116,88,161.6,69.7,26.7,67,94.5,199.4,12.6,0.64,Normal,Increased thirst;Frequent urination,No major diagnosed condition,Never,Moderate,Never,4.8,False
165c4834-1b59-4946-be24-5844664136fd,37030f4f-948a-4627-a6f1-f96d817e4d2f,BD-SYN-000339,25,Male,Nilphamari,True,True,False,False,False,False,False,False,Dust,,137,67,158.3,67.7,27.0,66,90.9,182.9,13.9,1.0,Normal,Palpitations,No major diagnosed condition,Never,Light,Never,7.1,False
1515e49a-06ff-49df-8f0b-fd27dd0afd4d,f3fa9044-39e2-4449-b822-2fab53283094,BD-SYN-000340,71,Male,Khulna,True,False,True,False,False,False,False,False,,,118,68,171.5,83.8,28.5,62,60.5,197.5,14.2,1.19,Sinus tachycardia,Increased thirst,No major diagnosed condition,Never,Sedentary,Never,8.1,False
02dd8b21-1692-4f30-9ab0-b3c6fe7bd6e7,cdf6a012-ae99-4749-a5c7-2145ed7fa7ce,BD-SYN-000341,69,Female,Rangpur,False,False,False,False,False,True,False,False,,0,142,82,161.2,67.3,25.9,91,106.1,229.3,11.1,0.76,Normal,Fatigue;Headache,Hypertension,Never,Light,Never,6.9,False
98f4a7c9-40d2-4786-9637-eec106ba4274,3035a9ed-5387-4987-8bf2-d9bb0c600ab0,BD-SYN-000342,67,Male,Kurigram,False,False,False,False,False,False,False,False,,,125,81,169.1,90.1,31.5,89,96.5,109.6,14.4,0.76,Normal,Increased thirst,Obesity,Never,Light,Never,7.2,True
c2eead9e-de0f-4c61-949c-99aec4e708a2,cebf6576-6f28-4542-b2e5-0b71e70bd35d,BD-SYN-000343,36,Female,Manikganj,False,False,False,False,False,False,False,False,Dust,2,98,77,146.3,64.2,30.0,94,117.1,170.7,13.9,0.69,Normal,Back pain,Obesity,Never,Light,Never,6.5,True
fdf3516a-72ce-4ff1-b9e4-dde49331a129,c41d8062-dc75-450b-b381-d750f8aec079,BD-SYN-000344,25,Male,Tangail,False,True,False,False,False,False,False,False,,,122,82,160.6,91.8,35.6,76,128.3,180.3,15.8,0.76,Normal,Headache,Obesity,Never,Sedentary,Never,6.9,True
14ccbba0-ca12-4e13-ae1f-22f69c2cd020,6188eda9-cfeb-403a-963a-597b22acab92,BD-SYN-000345,53,Female,Madaripur,False,False,True,False,False,False,False,False,Pollen,1,139,63,158.0,71.1,28.5,66,102.3,238.7,12.6,0.55,Normal,Shortness of breath,No major diagnosed condition,Never,Light,Never,7.0,True
20958049-75e9-4692-be65-bca7d156b3ec,a93a4845-77b3-44d4-acd3-4ec38be5acee,BD-SYN-000346,63,Female,Dhaka,False,False,False,True,False,False,False,False,,2,120,77,157.9,60.1,24.1,67,140.2,236.1,14.8,1.03,Normal,Fatigue,Hyperglycemia,Never,Sedentary,Never,6.7,False
0186ba06-45b6-48a3-82cf-aecb9d823800,40b6eba1-690e-4809-834c-22f0bc65e639,BD-SYN-000347,30,Female,Netrokona,False,False,True,False,False,False,False,False,,2,117,70,158.5,79.9,31.8,70,110.0,187.6,12.8,0.93,Normal,Back pain,Obesity,Never,Light,Never,7.3,True
af0971b1-f508-43d3-b1ab-3bd96f810496,952f9c58-0f7c-4fa6-b621-12746bab0792,BD-SYN-000348,73,Male,Rajshahi,False,False,False,False,True,True,True,True,Pollen,,135,91,161.1,75.5,29.1,87,117.1,185.4,13.4,0.84,Sinus tachycardia,Shortness of breath,Diabetes mellitus; Hypertension; Cardiovascular disease; History of stroke,Never,Light,Never,7.4,False
4a02eccd-20f1-4985-8a3a-94730975a921,da0c4198-d3b2-4398-a639-f98b4b343b15,BD-SYN-000349,77,Female,Pirojpur,False,False,False,False,False,False,True,False,,2,136,70,151.5,50.0,21.8,81,82.9,239.4,13.0,0.97,Abnormal,Shortness of breath,Cardiovascular disease,Never,Light,Never,7.2,True
de79ef3a-e977-4286-9770-b3f29e416843,4c0b68da-4980-4f8f-a801-eb3ad2d7ee7f,BD-SYN-000350,67,Female,Jhalokathi,True,True,False,False,False,False,False,False,,3,121,80,153.8,62.0,26.2,72,96.1,184.9,12.7,1.05,Normal,Fatigue;Headache,No major diagnosed condition,Never,Sedentary,Never,6.9,True
cf00ec5e-b0b9-43ac-a905-f79847cc3eed,bbc7bb41-b420-45f4-862b-241e47a789aa,BD-SYN-000351,31,Male,Rajshahi,False,False,False,False,False,False,False,False,,,107,72,159.9,68.5,26.8,72,91.5,165.6,15.3,1.12,Normal,Headache,No major diagnosed condition,Never,Sedentary,Never,7.9,True
95f74e2a-6103-4006-a03d-8d70c6048ab4,82f072ab-f42d-45a8-8960-49220d65db16,BD-SYN-000352,76,Male,Madaripur,False,False,False,False,False,False,False,False,,,126,61,156.9,68.9,28.0,59,112.8,170.0,13.9,1.15,Normal,None,No major diagnosed condition,Never,Light,Never,6.6,True
876fb5fa-f21e-48e7-bc41-0d28d3e0d195,f75b5716-2166-4e9a-aa8e-719b186f5c38,BD-SYN-000353,46,Male,Natore,True,False,False,False,False,False,False,False,Pollen,,106,81,171.5,68.5,23.3,92,115.2,228.8,16.1,0.56,Normal,None,No major diagnosed condition,Never,Sedentary,Never,7.4,False
6cb9db03-1c90-470c-85c6-b0f89dd54d22,bd456bb3-b9db-43f1-b267-2eb8fc697d33,BD-SYN-000354,68,Male,Shariatpur,False,False,False,True,False,True,False,False,,,163,87,164.0,68.0,25.3,66,87.6,195.3,12.3,1.12,Normal,Increased thirst,Hypertension,Never,Moderate,Never,7.4,True
d14ce359-a4ac-425f-8d0a-190b0438c1ed,fc571132-668f-4685-ba4c-5b95c6a8953f,BD-SYN-000355,62,Female,Gazipur,False,False,True,False,True,False,False,False,Food,2,115,78,155.4,59.6,24.7,73,194.1,197.5,14.0,0.83,Normal,None,Diabetes mellitus,Never,Light,Never,6.5,False
91c6e712-a9ab-4221-aba2-253dd085b8dd,7ae9260f-1e58-4468-8375-57aba805570a,BD-SYN-000356,51,Female,Pirojpur,False,False,False,False,False,False,False,False,,3,111,73,163.9,58.0,21.6,77,102.4,193.8,11.7,0.82,Normal,Dizziness,No major diagnosed condition,Never,Active,Never,7.6,True
78e0137e-9902-4013-ac5c-5770215870d9,a2170651-389f-41a0-b5fb-b4cc26627513,BD-SYN-000357,57,Male,Manikganj,False,False,False,False,False,False,False,True,,,123,79,155.7,51.2,21.1,70,98.0,187.3,14.5,0.97,Nonspecific ST-T changes,Dizziness;Headache,History of stroke,Regular,Light,Never,6.4,False
0921b747-ce6b-4be7-a6df-9807f50fe308,bb2ddd8a-a2f2-4074-8bd0-bff0980003f2,BD-SYN-000358,62,Male,Jessore,False,True,False,False,False,False,False,False,Food,,117,81,169.2,62.7,21.9,67,88.7,216.1,13.8,0.95,Normal,Chest discomfort,No major diagnosed condition,Never,Light,Never,7.5,False
47255b5b-c342-4cff-8fbb-8e6e5110ec65,71dde3cb-50a7-4ed8-a747-d7a31bfbaaea,BD-SYN-000359,69,Male,Magura,False,False,False,False,False,False,False,False,,,112,90,162.9,52.5,19.8,80,102.3,205.0,14.6,0.89,Nonspecific ST-T changes,Increased thirst,Elevated blood pressure,Never,Moderate,Never,8.0,True
0e960125-6492-495d-b56d-bc55ac8684e9,19211cc9-a34c-4c99-ac7a-d58bda369fee,BD-SYN-000360,35,Male,Bhola,False,False,False,False,False,False,False,False,,,107,65,166.7,54.2,19.5,65,90.2,182.1,13.0,0.83,Normal,Dizziness,No major diagnosed condition,Former,Sedentary,Regular,6.8,True
512baeb6-52f3-48c7-a468-2f0d98f38c36,4fb885aa-b3d9-48da-a94a-1913c675e87c,BD-SYN-000361,25,Female,Satkhira,False,False,False,False,False,False,False,False,,2,109,72,155.9,55.7,22.9,73,84.5,166.2,12.3,0.86,Normal,Back pain,No major diagnosed condition,Never,Light,Never,7.5,False
8e9568d3-6a2c-4b90-aa76-19aa29ec7a6e,1929d98e-6df9-4c5b-a79a-917fdb845cfe,BD-SYN-000362,66,Female,Jhalokathi,False,False,False,False,False,False,False,False,,1,125,73,161.0,69.2,26.7,75,95.2,115.6,11.7,0.92,Normal,Chest discomfort,No major diagnosed condition,Never,Moderate,Never,7.5,True
7aa33ea8-d5df-450f-a260-6a339af16914,bfa97585-a67d-4c2a-8cf0-8636e3401e37,BD-SYN-000363,33,Male,Cox's Bazar,True,False,False,False,False,False,False,False,,,121,83,171.5,77.1,26.2,72,76.4,167.9,13.3,0.72,Normal,Increased thirst;Frequent urination,No major diagnosed condition,Never,Active,Never,6.6,True
93a1d85e-6c78-4640-8bd3-16cdee406b40,f1682790-2557-4554-8f5c-726d5523c900,BD-SYN-000364,75,Female,Faridpur,False,False,False,True,False,False,False,False,Food,3,131,57,141.3,43.3,21.7,69,102.0,268.2,11.6,0.89,Sinus tachycardia,Increased thirst;Frequent urination,No major diagnosed condition,Never,Sedentary,Never,5.7,False
45ddaca6-75b6-4da9-9a6b-7b89297d0893,9da4464b-3e9b-4986-bccd-c7d7b5083c71,BD-SYN-000365,29,Male,Bhola,True,False,False,False,False,True,False,False,,,151,82,165.9,74.0,26.9,82,93.0,177.4,13.2,1.06,Normal,Fatigue;Headache,Hypertension,Never,Sedentary,Never,7.9,False
957f916e-1779-488c-85c8-e06e93cd58e9,e2046c8d-46aa-4a72-8773-8edcb647ceb5,BD-SYN-000366,44,Male,Nilphamari,False,False,False,False,False,False,False,False,Dust,,128,70,166.3,74.7,27.0,77,60,190.1,14.9,1.1,Normal,Frequent urination,No major diagnosed condition,Occasional,Light,Never,7.6,True
57ef7c5d-c5df-410a-90a2-baea2edbae89,edb17eca-5d86-451c-a9c3-bd5895b23efc,BD-SYN-000367,59,Male,Cox's Bazar,True,False,False,False,True,True,False,False,Dust;Pollen,,137,78,173.4,81.8,27.2,67,177.1,151.3,16.4,0.86,Normal,Increased thirst;Frequent urination,Diabetes mellitus; Hypertension,Never,Moderate,Never,7.3,True
87506ab6-8b81-4795-a1aa-e227ceaa77aa,5686e708-97ea-4046-a057-bbf5b2cb4529,BD-SYN-000368,30,Female,Thakurgaon,False,False,False,True,False,False,False,False,NSAIDs,0,122,84,152.6,67.1,28.8,87,93.7,173.8,13.5,0.8,Normal,Chest discomfort,No major diagnosed condition,Never,Light,Never,7.4,False
1901532f-be19-4b09-bb90-f56083e6368c,c53a55c0-7511-436c-a932-b778c9430a30,BD-SYN-000369,57,Male,Lalmonirhat,True,True,False,True,False,False,False,False,,,116,76,171.1,58.0,19.8,65,89.5,153.2,14.7,0.99,Abnormal,None,No major diagnosed condition,Never,Moderate,Never,6.2,False
14a893ef-aa6c-4282-869a-a60504ff1c17,4a1c4aa0-7509-4cf2-9a26-4eb49f34ed77,BD-SYN-000370,19,Male,Chapainawabganj,False,False,False,False,False,False,False,False,,,144,76,169.4,47.3,16.5,81,97.2,175.9,16.3,0.74,Normal,Frequent urination,Elevated blood pressure,Regular,Active,Never,6.7,True
4e0022e4-22c4-4ae6-b4ed-be56ef11f27d,f87651b8-c549-40f2-a908-0926485d45ab,BD-SYN-000371,42,Female,Lalmonirhat,False,False,False,False,False,False,False,False,,0,122,80,154.9,51.3,21.4,71,99.7,153.6,12.6,0.7,Normal,Increased thirst;Frequent urination,No major diagnosed condition,Never,Sedentary,Never,6.7,True
8eda2c23-a849-4942-9605-67e4c5697e07,db4fcdad-2f17-47f0-885b-c34f3f9000d4,BD-SYN-000372,27,Male,Sylhet,False,True,False,True,False,False,False,False,Dust;Pollen,,113,80,171.9,84.2,28.5,75,102.1,168.1,16.2,1.2,Normal,Fatigue;Headache,No major diagnosed condition,Never,Sedentary,Never,7.4,True
c385fbd5-ac19-4e50-b322-73eaca275ee4,33003c4d-7813-4d6a-8831-388dd4e7be2c,BD-SYN-000373,65,Female,Thakurgaon,False,False,True,False,False,False,False,False,,2,124,72,141.2,62.2,31.2,74,124.6,196.7,12.6,0.84,Normal,None,Obesity,Never,Sedentary,Never,6.0,False
5cfa9e7f-1e9d-464c-b99a-cb1f4ea9db2b,3deda4a1-3650-40c1-9464-c738ced4e71d,BD-SYN-000374,39,Male,Rajshahi,False,False,False,False,False,False,False,False,,,120,80,157.7,78.8,31.7,83,120.7,160.7,13.4,1.07,Normal,Fatigue;Headache,Obesity,Never,Sedentary,Never,7.6,True
4c8a7b79-df48-4f1a-81ca-84a5d53af0ad,d31a8395-3dfe-4349-9d69-cd26a2aa16f6,BD-SYN-000375,66,Female,Manikganj,False,True,False,False,True,True,False,False,,4,148,102,154.8,74.8,31.2,76,180.0,219.9,14.0,0.78,Normal,Back pain,Diabetes mellitus; Hypertension,Never,Sedentary,Never,7.3,True
4e1b51d6-dda7-4210-8a18-a9e3c60b6a25,9f2e31ec-f83e-4e41-8284-e91e1458eed9,BD-SYN-000376,58,Female,Chattogram,False,False,False,False,False,False,False,False,Dust,3,123,79,152.5,51.6,22.2,65,89.6,163.2,14.2,0.49,Normal,Dizziness;Headache,No major diagnosed condition,Never,Light,Never,6.6,True
2a3a4d91-1135-4582-a4e4-4fc2268ed8a5,0258ce68-a354-4753-bd78-628c16473cc7,BD-SYN-000377,42,Male,Kishoreganj,False,True,False,False,False,True,False,False,,,142,80,162.1,67.0,25.5,87,94.7,163.5,14.4,0.72,Normal,Shortness of breath,Hypertension,Regular,Sedentary,Regular,7.2,True
7b11b70b-6b31-45ba-b036-954363ed1ce4,ef3fb6aa-20b8-4451-ad60-e3f3e7a01904,BD-SYN-000378,36,Female,Habiganj,True,True,False,False,False,False,False,False,,2,112,77,149.5,38.9,17.4,63,104.4,205.4,12.2,0.58,Normal,Frequent urination,No major diagnosed condition,Never,Light,Never,7.6,False
a5ad6166-8c5c-4712-be24-89a3ede77454,a2666cdf-5a8b-4459-ab6b-d3457acb6dfa,BD-SYN-000379,33,Male,Comilla,True,False,False,False,False,False,False,False,,,112,71,169.5,55.2,19.2,68,113.0,195.4,13.2,0.72,Normal,Increased thirst;Frequent urination,No major diagnosed condition,Never,Light,Never,7.8,True
c12ec4c5-85fc-4036-8223-2e031a796562,ab71c045-76cd-4aa8-9615-7ebd7d9bca28,BD-SYN-000380,20,Male,Nilphamari,False,False,False,False,False,False,False,False,,,118,70,159.2,62.9,24.8,73,73.3,158.9,15.3,0.69,Normal,Fatigue;Headache,No major diagnosed condition,Former,Sedentary,Never,5.6,False
482d68d1-66c4-45da-a9fa-ac2bbe699c98,a63d1ca6-2cac-4baa-a781-10d3f2b6c9c6,BD-SYN-000381,18,Female,Kishoreganj,False,False,False,False,False,False,False,False,,0,111,74,163.4,60.3,22.6,72,94.5,201.2,12.1,0.67,Nonspecific ST-T changes,Dizziness;Headache,No major diagnosed condition,Never,Moderate,Never,5.1,False
effaac63-6251-44f2-bff9-365f7f8c31ea,e22ccf20-0808-4d0d-9d3d-2c07b26492a2,BD-SYN-000382,18,Female,Comilla,False,False,False,False,False,False,False,False,,0,122,68,157.8,58.5,23.5,66,78.6,213.5,13.4,0.77,Normal,Fatigue,No major diagnosed condition,Never,Moderate,Never,8.0,True
3b51379f-2936-48c8-b9df-689bee6ac819,b0b75132-9eb5-44d6-b7e5-70b1984ec1b8,BD-SYN-000383,29,Male,Sylhet,False,True,False,False,False,False,False,False,,,112,86,163.3,74.1,27.8,67,84.8,126.5,13.0,1.15,Normal,Increased thirst;Frequent urination,No major diagnosed condition,Never,Light,Regular,6.8,False
0d8ff1b9-68e6-44a2-9093-57962d781845,bdb83b47-52d1-4785-a27e-a74d2f1fe25b,BD-SYN-000384,80,Female,Chapainawabganj,False,False,False,True,False,True,True,False,Food,1,151,85,162.1,75.4,28.7,68,95.5,225.2,12.9,0.79,Nonspecific ST-T changes,Shortness of breath,Hypertension; Cardiovascular disease,Never,Light,Never,7.8,True
154835f2-70c9-4dde-b336-3a57bee7caa5,b8902864-e0a8-42b9-9c26-d3a4666e65f4,BD-SYN-000385,62,Male,Jhenaidah,True,False,True,False,False,False,False,False,,,125,87,166.3,74.9,27.1,70,96.6,163.6,12.9,1.04,Sinus bradycardia,Chest discomfort,No major diagnosed condition,Never,Active,Never,7.3,True
604dd976-24c2-4c6d-87cf-f80ac7029888,b715c1ac-f36f-4128-ad84-d89fcc4b0e5d,BD-SYN-000386,48,Female,Jessore,False,False,False,False,False,False,False,True,Food,0,129,83,156.1,58.0,23.8,83,88.8,195.0,12.2,0.59,Nonspecific ST-T changes,Dizziness,History of stroke,Never,Light,Never,8.3,False
9c3c5796-3825-486d-b255-c50d03fa477f,320ec9d2-fa42-499d-87f6-37c50dd4244b,BD-SYN-000387,74,Female,Bagerhat,True,False,False,False,False,False,False,False,Pollen,1,139,70,165.0,74.1,27.2,83,96.9,163.1,12.0,0.85,Nonspecific ST-T changes,Fatigue,No major diagnosed condition,Never,Moderate,Never,7.6,True
86f4272b-967c-49e5-99c1-2881f3002984,1f2c6fc9-4b45-4502-a30a-79634c908332,BD-SYN-000388,72,Male,Lalmonirhat,True,False,True,False,False,True,False,False,,,126,82,169.3,57.0,19.9,76,89.8,178.0,13.4,1.09,Normal,Chest discomfort,Hypertension,Never,Light,Never,7.4,True
67f9732d-e298-45e2-afa8-0a8a59f8c789,e8282bee-53e0-4ae9-9896-9a898259e2b8,BD-SYN-000389,18,Male,Sunamganj,False,False,False,False,False,False,False,False,Pollen,,124,73,182.2,67.7,20.4,87,72.9,168.0,13.3,1.04,Normal,Increased thirst,No major diagnosed condition,Never,Moderate,Occasional,8.3,True
63755e11-5a78-4ff7-a41d-ecda12c17eb3,17297b75-e822-4210-8a43-8f114ac1136b,BD-SYN-000390,66,Female,Chapainawabganj,False,False,False,False,True,True,False,True,,4,161,92,155.9,50.3,20.7,71,120.9,141.9,11.8,1.07,Abnormal,Shortness of breath,Diabetes mellitus; Hypertension; History of stroke,Never,Light,Never,6.7,False
16c9a4c3-c4ff-4f5a-9c68-11a874aafade,d25f1eed-e5d1-4cfe-bf5b-f6c57afe1001,BD-SYN-000391,63,Male,Bogura,False,False,False,False,False,False,False,False,Pollen,,123,91,172.4,68.4,23.0,93,86.5,213.3,14.0,1.01,Normal,Increased thirst;Frequent urination,Elevated blood pressure,Regular,Moderate,Never,7.1,True
97d45592-b42b-4282-bca3-8adeea376ffb,e43bf371-ca08-4eb7-a4ca-d40537305d8e,BD-SYN-000392,58,Female,Rajshahi,True,False,True,False,False,False,False,False,,3,121,78,154.7,51.9,21.7,69,82.8,161.6,12.4,0.85,Normal,Shortness of breath,No major diagnosed condition,Never,Moderate,Never,6.3,False
a81e45b6-96c1-4269-b12c-22c45810fa2e,0b9dcd05-fd25-44ff-b58a-d3ed7f9dc1d8,BD-SYN-000393,33,Female,Magura,False,False,False,False,False,False,False,False,Dust,1,114,69,159.2,50.2,19.8,80,67.7,177.1,13.0,0.89,Normal,Back pain,No major diagnosed condition,Regular,Light,Never,6.3,False
8886d7d8-dfd6-4506-863a-273923428661,e7f874e7-4b52-4d22-a8e4-bbfe7b252c31,BD-SYN-000394,26,Female,Pabna,True,False,False,False,False,False,False,False,,0,116,78,152.6,57.1,24.5,73,78.4,234.5,11.5,0.87,Normal,Frequent urination,No major diagnosed condition,Never,Active,Never,6.2,False
bc93f862-8640-42e6-8151-904a8a4eddb6,de41821b-8038-45be-aae0-35841b78fbe2,BD-SYN-000395,61,Male,Gopalganj,False,False,False,False,False,False,False,True,,,119,78,163.5,67.4,25.2,62,87.3,237.6,15.5,0.79,Nonspecific ST-T changes,Fatigue;Headache,History of stroke,Never,Moderate,Never,6.5,True
d0283907-7834-4712-9010-ee965f5a44a0,870140fd-2a24-4a3a-a566-10f3f063a7f4,BD-SYN-000396,47,Female,Sylhet,False,True,False,False,False,False,False,False,,2,124,72,162.9,57.3,21.6,75,78.8,145.2,10.9,0.58,Normal,Increased thirst;Frequent urination,No major diagnosed condition,Never,Sedentary,Never,7.9,False
a522f8fe-4fe0-45c8-9c4c-09c1683bf440,5915e102-19ed-4683-b433-feb375d019d8,BD-SYN-000397,32,Female,Pirojpur,False,False,False,False,False,False,False,False,,1,118,66,162.2,56.6,21.5,61,73.3,161.6,11.7,0.68,Normal,Headache,No major diagnosed condition,Never,Sedentary,Never,8.0,True
2c69d7c3-70f6-4616-b7eb-ba09e5b78f67,23b7ba47-b558-415f-906d-149d51acb977,BD-SYN-000398,26,Male,Jhalokathi,True,False,True,False,False,False,False,False,NSAIDs,,122,73,155.9,70.5,29.0,77,92.1,200.2,12.9,0.97,Normal,Fatigue;Headache,No major diagnosed condition,Never,Sedentary,Never,5.0,False
3342add0-11cc-499c-83e5-8cefb849c516,6127b101-b709-4ed3-8222-553b0227e1aa,BD-SYN-000399,45,Male,Mymensingh,False,False,False,False,True,False,False,False,Dust,,117,76,171.3,53.4,18.2,66,171.7,183.3,14.8,0.8,Normal,Joint pain,Diabetes mellitus,Never,Light,Never,6.6,False
0505242a-04e3-4850-a4e9-5ab85b55e31c,5148f15d-2c76-4340-9f7c-fad9a6316180,BD-SYN-000400,78,Female,Satkhira,True,True,True,False,False,True,False,True,,4,137,95,150.5,55.5,24.5,77,73.1,191.9,9.6,0.92,Abnormal,Joint pain,Hypertension; History of stroke,Never,Moderate,Never,8.1,True
7c3af1f1-9239-4a6e-8e68-c0f286ea8f4a,08052028-d707-4bb6-a71b-97e34e4ef1e2,BD-SYN-000401,80,Female,Kishoreganj,False,False,False,False,False,True,False,False,,1,150,88,161.6,64.2,24.6,69,82.4,202.8,12.3,0.86,Normal,Joint pain,Hypertension,Never,Light,Never,8.4,True
c4a20d43-cbe0-41fd-bc67-b3d84eb23641,39ac27ac-73aa-48aa-8fa8-800dcf2d628a,BD-SYN-000402,70,Male,Munshiganj,False,True,False,False,False,False,False,False,,,113,84,163.6,66.9,25.0,56,125.2,177.9,14.7,0.96,Nonspecific ST-T changes,Headache,No major diagnosed condition,Never,Active,Never,6.7,True
fd9b2dd9-7f8a-4ba1-a851-1148335fb7e6,127dde98-3906-4787-abcf-efb44da49a2f,BD-SYN-000403,37,Female,Sirajganj,False,True,False,False,False,True,False,False,,2,127,88,152.3,53.6,23.1,60,94.5,226.3,11.9,0.75,Normal,Back pain,Hypertension,Never,Active,Never,5.4,False
67fcc30a-3312-47d1-8b14-f512dd3e1305,eac18a8e-86b4-4307-aacc-8905209293b5,BD-SYN-000404,73,Male,Sunamganj,True,False,False,False,False,False,False,False,Dust;Pollen,,107,81,176.9,71.0,22.7,78,60,161.2,15.2,1.08,Normal,Dizziness,No major diagnosed condition,Never,Light,Never,5.4,False
caf4cefa-2833-406a-9e56-7f4858c65b1d,09a6df9c-57a3-42cd-9b8d-a30f9e910157,BD-SYN-000405,40,Female,Rajshahi,False,False,False,False,False,False,False,False,,1,112,78,159.7,69.6,27.3,79,93.4,190.2,13.3,0.71,Normal,Chest discomfort,No major diagnosed condition,Never,Active,Never,6.4,False
e7a0aabf-6de7-4555-b65b-02db506c5e84,fcb9cb2f-6c4e-4423-b490-804a80dd81c7,BD-SYN-000406,58,Male,Netrokona,True,False,False,False,False,False,False,False,,,130,77,160.1,57.7,22.5,74,90.0,184.1,13.0,0.97,Normal,Joint pain,No major diagnosed condition,Never,Sedentary,Never,8.6,True
39dbe5f2-2975-4eea-9abe-a409760e7c1e,42f1110d-3b16-4ae7-bbdc-a255a06d596c,BD-SYN-000407,78,Male,Dhaka,True,True,False,False,True,False,False,False,Dust,,128,77,165.5,57.5,21.0,82,165.9,193.1,14.4,0.97,Normal,Fatigue;Headache,Diabetes mellitus,Never,Light,Never,7.9,True
956cb2d8-4f4a-4842-9e36-218e61e68ec4,ed72be65-621a-400a-a5d3-a1f7b8aa722f,BD-SYN-000408,52,Female,Habiganj,False,True,True,False,False,False,False,False,,5,124,66,149.7,52.9,23.6,68,106.3,229.0,11.4,0.58,Normal,Joint pain,No major diagnosed condition,Never,Light,Never,7.3,True
8444f145-6020-4dd4-b3b3-389b82f23712,e2170488-f8ca-452b-bce1-488e735be228,BD-SYN-000409,32,Male,Dinajpur,False,False,True,False,False,False,False,False,,,129,75,163.5,62.3,23.3,81,127.3,240.6,13.8,0.88,Nonspecific ST-T changes,None,Hyperglycemia,Never,Sedentary,Never,6.6,True
22489b2a-efda-4411-87ea-bd0806153b32,f8a1172e-12c7-4f10-a010-4863c1fa9129,BD-SYN-000410,41,Male,Kurigram,False,False,False,False,False,False,False,False,,,109,86,165.1,86.1,31.6,66,77.5,232.7,13.7,0.66,Normal,Frequent urination,Obesity,Never,Light,Never,6.6,True
51aac392-e3b6-442a-9d7a-59801e9895e5,e4444c0f-f044-40bc-84f4-f0fb86880836,BD-SYN-000411,47,Male,Tangail,False,False,False,False,False,False,False,False,Dust,,133,68,168.8,75.8,26.6,78,101.0,189.8,12.1,0.97,Normal,Dizziness,No major diagnosed condition,Never,Light,Never,5.7,False
a4f4c784-6fe0-4bc7-a266-fbdf03cb7f2f,9f77d3c2-43e3-4690-ab5c-34e229a97e9b,BD-SYN-000412,36,Male,Munshiganj,False,False,False,False,False,False,False,False,,,132,78,178.4,76.7,24.1,81,75.8,208.3,14.1,0.81,Normal,Headache,No major diagnosed condition,Never,Sedentary,Never,5.0,False
a5b99962-5c00-4cd2-823a-6bdf8f01f4c0,a54adcd6-f080-4e12-a561-71b3cb9aa6cd,BD-SYN-000413,56,Female,Jhalokathi,True,True,False,False,False,False,False,False,,1,126,80,151.4,59.4,25.9,76,115.0,202.2,12.7,0.67,Normal,Fatigue;Headache,No major diagnosed condition,Never,Light,Never,7.4,True
13d65e65-575f-4cff-9fcc-9492c775cebd,3355afa2-82be-4c94-af11-831032a5e06a,BD-SYN-000414,31,Female,Dinajpur,False,True,False,False,False,False,False,False,,2,142,90,152.4,51.6,22.2,68,105.8,175.4,12.3,0.56,Normal,Increased thirst,Elevated blood pressure,Never,Sedentary,Never,5.7,False
5458097b-b913-485d-940f-219fb50a1ea1,fdec8987-ea59-49ac-a3c1-9f87ee7794ea,BD-SYN-000415,66,Male,Faridpur,False,False,False,False,False,True,False,False,Dust;Pollen,,134,85,168.3,85.8,30.3,69,86.6,213.1,14.1,0.75,Normal,Joint pain,Hypertension,Never,Moderate,Never,5.5,False
a3ab02ae-f8c3-4a3e-af43-0ecb18146324,4c53a4f4-8ab1-45c9-8496-db748b148fd6,BD-SYN-000416,63,Female,Sunamganj,False,False,False,False,False,True,False,False,,2,161,85,154.9,48.2,20.1,82,96.0,169.4,11.1,0.86,Normal,Joint pain,Hypertension,Never,Sedentary,Never,7.4,True
fba966e4-b7f5-4ad6-bd81-99c695587f84,74fbf71e-573c-4128-99cc-dd68083bdccb,BD-SYN-000417,54,Male,Bogura,False,True,True,True,False,False,False,False,,,102,77,159.2,58.3,23.0,79,76.7,214.8,13.5,0.91,Nonspecific ST-T changes,Chest discomfort,No major diagnosed condition,Never,Sedentary,Never,6.7,False
149130c5-14af-4770-9048-c2de62c3e55a,c43f6ff8-fdbb-48ea-901f-9a9ef0da91ca,BD-SYN-000418,66,Male,Magura,True,True,False,True,False,True,True,False,,,145,64,170.2,91.2,31.5,68,112.2,253.5,13.9,1.4,Nonspecific ST-T changes,Increased thirst;Frequent urination,Hypertension; Cardiovascular disease,Regular,Light,Never,5.7,False
be8daf37-e2bb-4e06-ba73-ca8f7b77d4c4,a187d496-5a33-444a-85b7-70fa7069139c,BD-SYN-000419,78,Female,Chandpur,False,False,False,True,False,True,False,True,,5,127,72,161.5,75.1,28.8,78,91.6,172.4,15.0,1.37,Sinus bradycardia,Fatigue,Hypertension; History of stroke,Never,Sedentary,Never,5.2,False
b1071b63-d390-4c0d-9c53-3069c323741a,f9701a91-fdea-41a6-a1cf-6885a8c686b7,BD-SYN-000420,22,Female,Manikganj,False,False,False,False,False,False,False,False,,1,121,79,152.1,49.0,21.2,60,69.9,245.3,14.2,0.59,Normal,Shortness of breath,No major diagnosed condition,Never,Sedentary,Never,5.3,False
b9c9583e-c8a4-4370-ae69-2f0286d8abf9,25e01df2-bcc6-4344-8ac6-a498b0dbb1d8,BD-SYN-000421,31,Female,Thakurgaon,True,False,False,False,False,False,False,False,,1,121,80,159.5,54.4,21.4,81,87.7,162.5,14.1,0.76,Normal,None,No major diagnosed condition,Never,Moderate,Never,6.8,True
c060049f-c72d-4c29-b4bd-70fc3f04a062,7ce0e176-6a03-47fd-bd72-97c98bed8407,BD-SYN-000422,25,Male,Jamalpur,False,True,False,False,False,False,False,False,,,116,77,169.5,83.6,29.1,78,103.6,227.8,15.1,0.68,Normal,Poor sleep,No major diagnosed condition,Never,Light,Never,7.1,False
cc732e78-9ffe-4880-8ec1-de85fe16be0a,5b631c1b-9b3d-4d39-8e4e-60ecf8e22cb9,BD-SYN-000423,59,Female,Sylhet,True,True,False,False,False,False,False,False,Penicillin,3,112,80,156.3,49.1,20.1,74,70.8,218.1,13.1,0.45,Sinus tachycardia,Increased thirst,No major diagnosed condition,Never,Light,Never,4.8,False
f3ef5e5d-cc2f-446f-985c-ac6366fd7897,ff545711-747f-40a7-8ebc-f1088a1103b2,BD-SYN-000424,57,Male,Shariatpur,True,True,True,False,False,False,False,False,,,109,80,167.1,50.8,18.2,83,112.2,215.0,13.1,0.72,Normal,Dizziness;Headache,No major diagnosed condition,Never,Light,Never,7.5,True
ada1f013-a019-484d-b3fe-53cc091d20bc,79db80a1-0aed-486b-b95b-c73f5f36ea11,BD-SYN-000425,61,Male,Cox's Bazar,False,False,False,False,False,False,False,False,Food,,119,77,165.0,74.9,27.5,78,85.1,178.0,12.4,1.09,Nonspecific ST-T changes,Dizziness;Headache,No major diagnosed condition,Never,Light,Never,7.2,True
e9cc28ef-2ded-4d63-ae18-16ec2d5b683b,700479f0-294e-4fe0-934e-e03251e327d9,BD-SYN-000426,26,Female,Noakhali,False,True,False,False,False,False,False,False,Dust;Pollen,1,118,85,153.8,45.9,19.4,68,98.0,170.7,12.3,0.5,Normal,None,No major diagnosed condition,Never,Light,Never,7.6,True
46229b03-71cd-4e66-a0a9-41fbad17f9f3,33776272-1024-4735-84e1-fb68a193b99d,BD-SYN-000427,42,Female,Chapainawabganj,False,False,False,False,False,False,False,False,Dust;Pollen,1,115,64,149.7,65.4,29.2,65,87.7,204.0,15.1,0.61,Normal,Increased thirst;Frequent urination,No major diagnosed condition,Never,Sedentary,Never,7.9,False
14b7b51e-7dad-4dd9-ba55-79e6f985061d,818a94b9-68da-4efd-8850-1212c2056169,BD-SYN-000428,25,Male,Brahmanbaria,False,False,False,False,False,False,False,False,Dust;Pollen,,110,69,167.1,76.8,27.5,76,93.7,120.8,14.2,0.66,Normal,Shortness of breath,No major diagnosed condition,Never,Moderate,Never,7.6,True
73b7b3ea-33cf-47ba-b17f-f6a646d91846,deda9ffa-413b-45e9-9360-7df65803a922,BD-SYN-000429,56,Female,Moulvibazar,False,False,True,False,True,False,False,True,,3,129,86,146.8,56.7,26.3,86,188.0,183.2,11.7,0.68,Sinus bradycardia,Fatigue,Diabetes mellitus; History of stroke,Never,Moderate,Never,7.1,True
f0248488-f3ee-4502-a2d1-f0644692226b,6f001263-6483-4101-9d48-2c4191b7550e,BD-SYN-000430,56,Male,Thakurgaon,False,False,False,False,False,False,False,False,,,151,76,163.5,60.7,22.7,104,113.5,160.2,13.9,0.85,Normal,Frequent urination,Elevated blood pressure,Never,Moderate,Never,7.1,True
39090da2-33c3-4a39-b146-e6b059bd733e,b331f724-8ae3-48b6-835d-23956e82c8c2,BD-SYN-000431,47,Male,Patuakhali,False,False,False,False,False,False,False,False,Dust;Pollen,,104,79,170.0,89.6,31.0,59,85.1,190.3,13.7,0.9,Normal,Chest discomfort,Obesity,Never,Sedentary,Never,7.1,True
97775e39-8be2-4434-beff-b214b8b6cc08,28c48f95-0a78-4ed4-ad74-165093e67f0b,BD-SYN-000432,67,Female,Barishal,True,False,False,False,False,False,False,False,,3,106,74,154.7,60.8,25.4,78,104.0,199.5,12.8,1.07,Normal,Dizziness;Headache,No major diagnosed condition,Never,Moderate,Never,8.6,False
21700340-bd5b-478c-a333-3b493bc4dd84,4e88c8b2-a728-4d9b-a07a-8d74f6947dd1,BD-SYN-000433,56,Male,Barishal,False,False,False,False,False,False,False,False,,,114,76,176.6,85.8,27.5,78,93.7,157.4,16.4,0.68,Normal,Palpitations,No major diagnosed condition,Never,Sedentary,Never,6.2,False
a8a864ff-d20f-4a7f-8fc9-4d62ab1cf528,544fa1db-daed-41de-a5c5-7217dc201b49,BD-SYN-000434,53,Male,Lalmonirhat,False,False,False,False,True,True,False,False,,,151,85,168.6,82.7,29.1,83,188.5,143.3,16.2,1.12,Normal,Increased thirst;Frequent urination,Diabetes mellitus; Hypertension,Never,Sedentary,Never,5.9,False
744aefa2-b3db-4cf9-8bbe-e027b84f3fe8,7d6815ac-acaa-4c56-b3d5-5a6079125d49,BD-SYN-000435,70,Male,Chattogram,False,False,False,False,False,False,False,False,,,125,77,167.2,72.1,25.8,64,110.2,175.3,14.6,1.15,Normal,Increased thirst,No major diagnosed condition,Never,Sedentary,Never,5.9,False
a5cc899e-a730-4fe9-a438-9fd71b8eae35,7a88f6f1-37cc-4298-9df1-996ad2ad7859,BD-SYN-000436,26,Male,Mymensingh,True,False,False,False,False,False,False,False,,,130,77,171.1,68.8,23.5,82,100.6,181.8,13.4,0.81,Normal,Fatigue,No major diagnosed condition,Never,Light,Never,8.2,True
55e072da-6d26-4018-b19d-6abd1cdd1c8f,49a9bba4-873c-4237-8bb0-c9850b3de1ae,BD-SYN-000437,65,Male,Faridpur,False,False,True,False,False,False,False,False,,,122,75,161.7,66.2,25.3,64,96.0,214.7,15.4,0.72,Normal,Poor sleep,No major diagnosed condition,Never,Light,Never,5.8,False
769d44da-f415-47f6-9edd-b7999c0daebb,c6a5e613-7195-4d52-9470-f722b49a199f,BD-SYN-000438,52,Male,Nilphamari,True,False,False,False,False,False,False,False,Dust,,134,87,171.5,100.6,34.2,81,113.3,122.7,15.4,0.94,Normal,Joint pain,Obesity,Former,Moderate,Never,8.1,True
62d480a9-691c-4090-9dcd-9b39d844f227,0387fb4c-e48c-4aab-af00-701d1a10e088,BD-SYN-000439,44,Male,Brahmanbaria,True,False,False,False,False,True,True,False,Pollen,,134,87,171.8,90.3,30.6,78,120.1,215.7,14.1,0.76,Abnormal,Frequent urination,Hypertension; Cardiovascular disease,Never,Sedentary,Never,6.8,True
b882dd42-4a29-4a83-8ac0-ba4268f5edee,bdf0a7c3-45f4-4702-9890-737b199b7680,BD-SYN-000440,36,Male,Dhaka,False,False,False,False,False,False,False,False,Food,,109,73,168.4,62.1,21.9,89,79.1,166.0,15.5,0.83,Normal,Dizziness;Headache,No major diagnosed condition,Never,Sedentary,Never,7.4,False
d3c04f12-a6c2-497d-95db-ab6d07badfcf,3a052696-e0ba-497d-a473-8ed16329ffeb,BD-SYN-000441,28,Female,Naogaon,True,True,False,False,True,False,False,False,Dust,2,118,80,163.0,80.2,30.2,64,173.3,241.3,12.9,0.92,Normal,Increased thirst;Frequent urination,Diabetes mellitus,Never,Light,Never,6.5,True
4612908d-0b11-48d4-b8ab-f86aea2611b9,2266564e-5914-4ceb-ae94-cc880b0679a9,BD-SYN-000442,68,Male,Feni,True,True,False,False,False,False,False,False,Dust;Pollen,,116,76,166.0,65.3,23.7,72,119.5,166.9,13.0,1.09,Abnormal,Back pain,No major diagnosed condition,Never,Light,Never,5.6,False
1aa3b5ff-69a5-4cf5-b767-96accc99dc09,d35e859a-7f52-4bcd-98aa-dfb1c81347d7,BD-SYN-000443,37,Female,Madaripur,True,False,False,False,False,False,False,False,,0,125,77,154.6,55.9,23.4,65,83.7,123.3,11.4,0.58,Normal,Frequent urination,No major diagnosed condition,Never,Moderate,Never,5.2,False
bf72c0f3-09dd-4006-9658-5cee69236fd1,619a0b2e-54cc-45cf-9012-40ad2f25f7d1,BD-SYN-000444,60,Female,Brahmanbaria,False,True,False,False,False,False,False,False,,1,117,84,160.6,52.6,20.4,73,78.8,140.3,13.3,0.79,Normal,Poor sleep,No major diagnosed condition,Never,Moderate,Never,6.3,False
a85e311c-4740-4988-8b95-4f31de35d81a,d62f4621-84fe-4e6a-abac-9c2f5cca9315,BD-SYN-000445,26,Female,Pabna,False,True,False,False,False,False,False,False,,0,123,69,147.2,55.3,25.5,83,94.5,171.0,10.0,0.98,Normal,Back pain,No major diagnosed condition,Never,Sedentary,Never,5.6,False
4f239468-03f5-4f13-866b-23271b366d23,c109f03f-a0e2-42ce-aa8b-406ef24c37d1,BD-SYN-000446,65,Female,Feni,False,True,False,False,False,True,False,False,,2,151,74,155.7,65.2,26.9,78,81.9,240.1,13.3,0.55,Nonspecific ST-T changes,Dizziness;Headache,Hypertension,Never,Sedentary,Never,4.8,False
b67bdebd-4953-40e9-a280-7c5d4006b76c,31c9d996-3dca-48d7-af78-bd2d731ae55b,BD-SYN-000447,22,Male,Jamalpur,True,True,False,False,False,False,False,False,Penicillin,,110,77,152.6,46.1,19.8,67,110.6,251.3,14.5,0.93,Normal,Fatigue,No major diagnosed condition,Never,Light,Never,8.6,True
14fb747c-ef75-469f-9fa0-5b6d37e34ab0,cdd85c09-d7f0-4eec-b8c6-5083b8234dd9,BD-SYN-000448,75,Female,Mymensingh,False,False,False,False,False,True,False,False,,3,135,76,160.1,64.6,25.2,90,99.4,164.6,11.7,0.82,Sinus tachycardia,Fatigue;Headache,Hypertension,Never,Moderate,Never,6.7,False
23365eec-9984-40d4-a27c-33836dc154a0,8d461d16-32c5-4d8f-a496-45e62f13e607,BD-SYN-000449,58,Male,Kushtia,False,False,True,False,False,False,False,False,Pollen,,111,85,172.6,89.4,30.0,102,91.6,196.7,13.2,1.06,Normal,Increased thirst;Frequent urination,Obesity,Never,Sedentary,Never,6.7,True
e597da5f-3278-480d-8752-be61429b2173,b4eae768-fd9d-40af-8245-0570ad0101ff,BD-SYN-000450,19,Male,Gazipur,False,False,False,False,False,False,False,True,,,136,75,160.0,70.9,27.7,76,63.1,205.0,15.1,0.85,Nonspecific ST-T changes,Dizziness,History of stroke,Never,Light,Never,6.7,False
3d0ebfaf-7f5d-4709-bfff-4af232aa290c,64fbd460-e2ea-4c1c-bc9f-8b2be3d1cb21,BD-SYN-000451,22,Female,Chattogram,False,False,False,False,False,False,False,False,,0,120,83,161.0,64.3,24.8,87,90.2,234.5,14.6,0.76,Normal,Fatigue;Headache,No major diagnosed condition,Never,Light,Never,8.2,False
e0da1a0e-ee26-420d-9eb6-7d1363c10bb2,e082fe01-194f-4743-8faa-d1ac725967c1,BD-SYN-000452,70,Male,Narsingdi,False,False,False,False,False,True,False,False,,,120,90,175.6,62.6,20.3,58,117.6,192.5,14.0,0.9,Normal,Dizziness,Hypertension,Never,Moderate,Never,6.6,False
e449b6c2-eff4-4192-a4fe-f9eb38954e5e,aa5251cb-c717-478b-9bbd-b8c027746db1,BD-SYN-000453,19,Male,Gazipur,False,False,False,False,False,False,False,False,Food,,133,70,167.4,60.0,21.4,94,85.2,236.2,15.1,0.89,Normal,Fatigue,No major diagnosed condition,Never,Light,Never,7.3,True
a8ae32a7-2253-4997-a3d0-7a8169101ee6,f63b3011-b2b1-4691-bc5f-1528ba420ed1,BD-SYN-000454,23,Female,Jessore,False,True,False,False,False,False,False,False,Dust,1,111,79,165.1,48.5,17.8,54,104.2,179.8,14.2,0.45,Normal,Headache,No major diagnosed condition,Never,Light,Regular,9.2,False
86b3ff31-dbd2-46ad-b544-b4d50f4744a7,e35fe5f7-58cd-4b0e-91c9-148e7727b807,BD-SYN-000455,57,Female,Bagerhat,False,False,False,True,False,False,False,False,Penicillin,4,91,87,159.5,62.3,24.5,78,130.8,194.0,12.9,0.93,Normal,Joint pain,Hyperglycemia,Never,Sedentary,Never,8.4,True
81ea939e-1197-4a22-9936-681a38b9443c,8060306a-67d1-4d05-83c3-1974fcc68298,BD-SYN-000456,74,Female,Lalmonirhat,False,False,True,False,False,False,False,False,,2,128,66,146.4,49.9,23.3,73,101.5,212.4,10.6,0.68,Normal,Increased thirst;Frequent urination,No major diagnosed condition,Never,Light,Never,7.9,True
3e315d07-d4fc-416e-82f8-1976457c7c2c,f6550f6d-8eb6-4e8c-961f-eecbb3d56414,BD-SYN-000457,27,Female,Magura,False,False,False,False,False,False,False,False,,1,118,71,151.5,59.2,25.8,73,108.0,219.2,12.4,1.02,Normal,Palpitations,No major diagnosed condition,Never,Moderate,Never,6.4,False
676eef45-5412-4d49-8328-65648b42db13,9175a503-8837-4a44-bc16-92efbb6caedd,BD-SYN-000458,18,Male,Satkhira,True,False,False,False,False,False,False,False,NSAIDs,,127,74,167.1,63.4,22.7,71,79.1,188.2,13.5,0.77,Normal,Back pain,No major diagnosed condition,Never,Sedentary,Never,7.2,False
19f2087b-7546-42a7-8417-b869a9ebd631,3738ef68-0918-4627-b1a7-5832db93c13f,BD-SYN-000459,78,Female,Patuakhali,False,True,False,False,True,False,False,False,,3,126,76,165.1,71.4,26.2,90,154.5,121.1,12.0,1.14,Nonspecific ST-T changes,Frequent urination,Diabetes mellitus,Never,Moderate,Never,8.2,True
00f990a5-f023-4997-bb73-098d32e38d10,70bddafb-6ca3-4d88-af4e-bd198436958e,BD-SYN-000460,57,Male,Bagerhat,False,True,False,False,False,False,False,False,Penicillin,,139,87,172.1,63.4,21.4,71,92.0,182.9,11.7,1.06,Normal,Chest discomfort,No major diagnosed condition,Regular,Moderate,Never,7.4,True
cf997f35-fe52-473b-a394-cb7aeec4fbdf,528da422-9442-43df-b72a-c2d69cdf729e,BD-SYN-000461,37,Male,Narayanganj,False,False,False,False,False,False,False,False,Dust,,126,72,160.4,65.6,25.5,66,85.7,194.9,14.6,1.0,Normal,Fatigue,No major diagnosed condition,Never,Moderate,Never,8.6,True
dc4a8e1d-4c31-4fb0-8971-1708d4d78907,1a91753d-6d03-4c1a-ab1f-fac098494c44,BD-SYN-000462,56,Female,Gazipur,True,False,False,True,False,False,False,False,Dust,2,127,76,161.7,67.7,25.9,82,82.5,143.0,12.7,0.88,Normal,Back pain,No major diagnosed condition,Never,Moderate,Never,7.7,True
6f7c4388-8a5b-4975-bb29-cd483f3c383d,fe435d4b-ec65-4a15-8b3c-7a91ed1aa362,BD-SYN-000463,56,Female,Lalmonirhat,False,False,False,False,False,False,False,False,Dust;Pollen,1,114,86,151.0,47.4,20.8,69,80.1,177.8,12.7,1.1,Normal,Chest discomfort,No major diagnosed condition,Never,Sedentary,Never,9.5,True
988f2570-918f-4ab5-b77d-6d39e0b599fb,08fa7652-b396-4de2-bea0-a27f88caff19,BD-SYN-000464,51,Female,Barishal,False,True,False,False,True,False,False,False,,2,110,69,155.2,66.0,27.4,73,179.8,195.4,12.4,0.92,Normal,Frequent urination,Diabetes mellitus,Never,Moderate,Never,5.3,False
0e346d4b-31e5-4fa9-b2f1-606b1a5417d4,373f0e86-bce7-41e0-96c2-145cd4ba736b,BD-SYN-000465,46,Male,Bagerhat,True,False,False,False,True,False,False,False,,,137,70,165.0,65.1,23.9,67,157.8,273.2,13.2,1.01,Normal,Back pain,Diabetes mellitus,Never,Active,Never,7.4,True
1b9992a6-8e2e-4544-abee-21356c181d0f,2e5d8912-999f-4623-9203-0ef103869093,BD-SYN-000466,42,Male,Rajshahi,False,True,False,False,False,False,False,False,NSAIDs,,114,85,173.9,70.5,23.3,59,101.0,180.8,15.2,0.76,Normal,Palpitations,No major diagnosed condition,Never,Moderate,Never,7.2,True
8bddaa04-b2a5-48ef-8627-7b8ec9e9cd9f,34a97dde-6d85-408f-b2ec-1697a61d46ad,BD-SYN-000467,79,Female,Natore,False,False,True,False,False,True,False,False,Dust;Pollen,2,134,84,153.5,70.2,29.8,67,82.7,201.3,13.2,0.74,Sinus tachycardia,Chest discomfort,Hypertension,Never,Moderate,Never,7.5,False
a5263876-e936-43c1-afaa-8434beb77c32,12c9860e-8e07-4239-8b90-53fad7803733,BD-SYN-000468,75,Female,Gazipur,True,False,False,False,False,False,False,False,,0,125,84,166.1,68.1,24.7,75,93.0,207.2,13.4,0.86,Normal,Increased thirst,No major diagnosed condition,Never,Moderate,Never,7.6,False
ddaa1dc5-7753-492b-b31d-b700255290fd,fe41a64d-73df-43e5-af41-f4ea393dc87e,BD-SYN-000469,19,Female,Bagerhat,False,False,False,True,False,False,False,False,,1,115,78,158.6,65.4,26.0,60,104.0,219.3,12.2,0.69,Normal,Increased thirst;Frequent urination,No major diagnosed condition,Never,Active,Never,5.8,False
94bfcda1-5ef4-4bb7-bcdc-f55d98098fb1,d6a49bd3-60f6-4fc8-be50-aaa299335265,BD-SYN-000470,23,Male,Gaibandha,False,False,False,False,False,False,False,False,,,118,80,168.3,60.0,21.2,68,99.5,177.9,15.0,0.81,Normal,Joint pain,No major diagnosed condition,Never,Light,Never,6.3,False
f096c2db-1f77-4cb6-8db6-ede61aca4c39,33f10392-4b69-4315-a905-c0121a4af7e8,BD-SYN-000471,52,Male,Lalmonirhat,False,False,False,False,False,False,False,False,,,112,81,171.5,82.9,28.2,64,91.2,125.7,15.1,0.61,Normal,Shortness of breath,No major diagnosed condition,Former,Moderate,Never,8.7,True
e5c29efd-f2dd-47f2-bc0e-8689629bbe49,cf3e0112-2677-4d70-b448-b27fddead009,BD-SYN-000472,40,Male,Dinajpur,False,False,False,False,False,False,False,False,,,114,77,167.6,90.4,32.2,83,113.1,183.3,12.6,0.89,Normal,Increased thirst,Obesity,Regular,Sedentary,Never,7.7,True
d4daa5e5-95ee-486f-a8d9-b314c6fa9de9,f7a4e52d-1b05-4277-8798-3ea84a94d3f1,BD-SYN-000473,35,Male,Feni,True,False,False,False,False,False,False,False,,,114,71,174.8,81.6,26.7,76,77.9,221.0,13.1,0.96,Normal,Poor sleep,No major diagnosed condition,Never,Sedentary,Regular,7.2,True
44e93e7d-26cf-4f38-baf0-441795faf4f0,91152749-7a27-4f17-911a-0ed7fdbb74d9,BD-SYN-000474,73,Male,Bagerhat,False,True,False,False,False,False,False,False,,,131,71,170.5,81.1,27.9,69,95.7,182.9,13.3,0.96,Nonspecific ST-T changes,Shortness of breath,No major diagnosed condition,Never,Moderate,Never,6.0,False
086387e9-5f9f-4c58-b38d-282d2eaa3a81,30b76946-5965-4d37-a862-9e3d1c2c0a69,BD-SYN-000475,38,Male,Patuakhali,False,False,False,False,False,False,False,False,Dust,,108,75,169.9,69.3,24.0,95,86.1,226.9,14.8,1.58,Sinus bradycardia,Fatigue;Headache,No major diagnosed condition,Never,Moderate,Never,6.0,False
1b0616d0-93a0-4554-b7d7-2fd763fafd77,6fbfe78e-44de-4333-975e-4f48698fce06,BD-SYN-000476,79,Male,Brahmanbaria,True,True,False,False,False,True,False,False,,,125,93,176.2,109.0,35.1,91,98.2,181.7,14.7,0.94,Normal,Fatigue;Headache,Hypertension,Never,Light,Never,5.4,False
febd3c72-c486-4cdd-8387-c276ea065b14,eb32363a-4fb2-48d4-8ba3-2633ff7b3cbb,BD-SYN-000477,46,Male,Kurigram,False,False,True,False,False,False,False,False,,,122,67,160.6,66.5,25.8,74,77.3,208.3,15.0,0.5,Normal,Chest discomfort,No major diagnosed condition,Never,Moderate,Never,7.4,True
d79822c7-5d15-4589-a6cd-0871d7d8e4e5,392d0322-8c92-4d9d-ba12-414803f6c70d,BD-SYN-000478,49,Female,Tangail,False,False,False,False,False,False,True,False,Pollen,5,121,78,164.0,72.4,26.9,89,88.6,192.7,13.1,0.96,Nonspecific ST-T changes,Increased thirst;Frequent urination,Cardiovascular disease,Never,Sedentary,Never,7.0,True
c91900d3-3c5d-427b-8263-e34f1eacea95,e3100998-4e0c-4047-ad6e-142a5accbd6e,BD-SYN-000479,67,Female,Moulvibazar,False,False,False,False,False,False,False,False,,2,125,64,168.1,65.8,23.3,67,94.9,281.7,12.8,0.78,Normal,Fatigue;Headache,No major diagnosed condition,Never,Active,Never,6.6,False
6064c633-3720-4250-b1cf-d2a592fc2dbf,642bda1c-4f6d-4a7f-83b2-064c99412ba9,BD-SYN-000480,28,Male,Netrokona,False,False,False,False,False,False,False,False,Dust,,108,70,161.0,42.8,16.5,83,88.0,113.4,11.9,1.06,Normal,None,No major diagnosed condition,Never,Active,Never,7.5,False
b8fa77e5-4f3c-4310-accb-e915774ac83d,1532c1a8-90fd-4099-9a46-be46abfbf2b6,BD-SYN-000481,27,Male,Feni,False,True,False,False,False,False,False,False,Penicillin,,121,77,178.7,61.6,19.3,70,64.3,183.1,13.9,1.15,Normal,Poor sleep,No major diagnosed condition,Never,Active,Never,6.9,False
69e044be-2abd-4dd2-a2a3-bdc4d1755363,f0edaf79-91d0-4a10-9806-d284c499727e,BD-SYN-000482,60,Male,Satkhira,False,False,False,False,True,False,False,False,Dust,,152,90,165.5,81.3,29.7,71,201.0,171.9,14.1,1.1,Normal,Headache,Diabetes mellitus,Occasional,Light,Never,7.7,True
2fa05b07-3959-4617-9fcd-a2c36d6da5a0,48c34a6d-f6eb-44c4-adec-4fa5de7ef49b,BD-SYN-000483,36,Female,Comilla,False,False,False,True,False,False,False,False,Dust;Pollen,2,112,72,149.1,51.6,23.2,73,108.4,202.6,9.8,0.85,Normal,Increased thirst,No major diagnosed condition,Never,Sedentary,Never,7.4,False
93992bc1-eadd-44c8-9242-b154e7e9451c,49b85a73-4301-4838-b7f9-7a8d8557b3a0,BD-SYN-000484,26,Female,Bagerhat,True,False,False,False,True,False,False,False,,2,110,79,149.1,50.5,22.7,76,192.8,117.7,12.1,0.82,Normal,Dizziness;Headache,Diabetes mellitus,Never,Sedentary,Never,5.5,False
04f6eb8d-dfcd-4c43-b07e-359b20e900d7,1c960229-f74c-4edb-9d5e-3f92b3ca808b,BD-SYN-000485,76,Male,Gaibandha,False,False,True,True,False,True,False,False,,,148,84,181.0,89.8,27.4,78,108.5,191.5,15.1,0.9,Normal,Dizziness;Headache,Hypertension,Never,Light,Never,7.3,True
0b430ad1-8f5e-4100-a6c0-9933e6faf037,c9bae696-bf5c-4a5a-9d83-f4d8c821aa77,BD-SYN-000486,70,Female,Narayanganj,False,True,False,False,False,False,False,False,Food,1,113,75,157.4,68.1,27.5,71,74.8,236.5,10.8,0.89,Sinus tachycardia,Joint pain,No major diagnosed condition,Never,Sedentary,Never,6.0,False
051e0282-06fc-4737-8250-e1a96f30872d,d04cd289-f235-451a-b48f-10d61fc16f1d,BD-SYN-000487,48,Female,Bhola,False,True,False,False,False,False,False,False,Penicillin,3,118,69,148.5,58.2,26.4,53,63.5,188.7,11.3,0.7,Normal,Headache,No major diagnosed condition,Never,Light,Never,7.1,False
d6e5054c-b9a8-42f9-9be1-e6437afef703,969117f6-26e6-41f2-a82a-01dbe44e510c,BD-SYN-000488,42,Male,Rangpur,False,False,False,False,False,False,False,False,,,109,77,158.0,78.4,31.4,74,100.7,148.1,14.7,0.91,Normal,Poor sleep,Obesity,Never,Sedentary,Never,5.4,False
a4fa2b50-5ed2-4992-915a-a0575cfb9d92,abc6e0fd-46cf-4b5b-958d-70695232154a,BD-SYN-000489,52,Female,Narsingdi,False,False,False,False,False,False,False,False,,4,119,78,159.0,74.3,29.4,80,87.0,266.3,12.9,0.59,Normal,Fatigue,No major diagnosed condition,Never,Sedentary,Never,5.8,False
64c49326-c20c-4cbb-8a12-6b031241fc1f,8e712553-2d32-4847-90ac-53b9e41bb06e,BD-SYN-000490,38,Male,Jessore,False,False,False,False,False,False,True,False,Pollen,,120,62,171.6,53.9,18.3,60,90.8,242.1,13.9,0.98,Abnormal,Fatigue,Cardiovascular disease,Regular,Light,Never,8.2,True
241294c2-74af-45fd-a22a-38b0f0dcfe8c,eae92163-16fd-4a0c-a766-40525cdc8793,BD-SYN-000491,43,Male,Narsingdi,False,False,False,False,False,False,False,False,,,114,71,169.3,62.5,21.8,85,78.4,212.0,14.2,0.98,Normal,Palpitations,No major diagnosed condition,Never,Active,Never,7.2,True
73a1fd8b-ed89-4795-8130-e402f512aef4,e3b95320-f245-4cef-b92e-1fdc01983745,BD-SYN-000492,53,Male,Magura,True,False,False,False,False,False,False,False,,,114,80,171.7,73.7,25.0,50,60,192.7,14.6,0.94,Normal,Fatigue;Headache,No major diagnosed condition,Never,Sedentary,Occasional,6.6,False
87b7b476-8e40-492f-ac02-9397b9ee39a3,b03040d0-c2e2-4b80-86fe-82bc624e9983,BD-SYN-000493,18,Male,Lakshmipur,False,False,False,False,False,False,False,False,,,111,65,172.8,74.4,24.9,66,90.9,234.6,12.8,1.06,Normal,Shortness of breath,No major diagnosed condition,Never,Sedentary,Never,8.3,True
4363d784-5de0-4661-99b3-1c3e0266dab2,7e7baf2f-fdde-4896-a7f6-515b8e332f75,BD-SYN-000494,68,Female,Sirajganj,False,False,False,False,False,True,False,False,,1,157,102,152.7,68.8,29.5,77,122.4,228.8,14.5,1.01,Nonspecific ST-T changes,Fatigue,Hypertension,Never,Sedentary,Never,8.9,True
3d852f1c-a072-4288-8e7a-2a433bef6a39,8a71415d-11cf-474f-94c8-588c7b8b9a16,BD-SYN-000495,33,Male,Kurigram,True,True,False,False,False,False,False,False,,,123,80,169.7,81.8,28.4,94,101.4,164.4,12.8,1.13,Normal,Dizziness;Headache,No major diagnosed condition,Never,Moderate,Never,7.0,True
431f600b-016c-40bd-af5f-844bc97528b3,e6fac3f3-17bd-4d54-a055-0ab04dfc14f9,BD-SYN-000496,51,Male,Moulvibazar,False,True,False,True,False,False,False,False,,,126,85,170.9,70.7,24.2,54,96.1,209.9,14.8,1.13,Normal,Poor sleep,No major diagnosed condition,Never,Sedentary,Never,5.7,False
d6453d22-ecef-47b5-9383-1240f9c9a761,ddc23775-77dc-45f8-a142-431c7de996a1,BD-SYN-000497,77,Male,Tangail,False,True,False,False,False,False,False,False,,,115,68,177.3,72.3,23.0,76,122.3,202.4,13.6,0.84,Normal,Dizziness;Headache,No major diagnosed condition,Regular,Moderate,Never,6.4,False
eaf0debd-6b6f-4820-866b-9043c5708c6b,0bdc8381-0004-4c99-8937-a0340cd0e99b,BD-SYN-000498,55,Male,Feni,False,False,False,True,True,False,False,False,,,124,80,177.6,90.2,28.6,73,162.3,263.3,14.2,0.98,Nonspecific ST-T changes,Dizziness;Headache,Diabetes mellitus,Never,Moderate,Never,8.0,False
1944f9df-69a8-4f20-afb8-6d86a3a07806,efdf12e2-21d9-41bf-a1b4-a0a501a25de3,BD-SYN-000499,56,Female,Comilla,True,False,False,False,False,True,False,False,,2,132,81,153.7,43.2,18.3,93,107.0,225.3,10.8,0.67,Normal,Palpitations,Hypertension,Never,Sedentary,Never,5.7,False
f198698f-d9db-4fd0-9ede-fe143cfda092,44e73a9e-5a7e-46dd-8208-ac04c5820808,BD-SYN-000500,19,Male,Nilphamari,False,False,False,False,False,False,False,False,,,112,68,172.7,76.4,25.6,78,84.4,184.1,15.4,1.1,Nonspecific ST-T changes,Headache,No major diagnosed condition,Never,Light,Never,7.2,True
180792b3-867b-4663-abb3-99a3bebcd7fb,be3f6880-171b-44bd-8b98-d1822fae3924,BD-SYN-000501,32,Male,Moulvibazar,False,True,False,False,False,False,False,False,,,129,67,168.6,78.7,27.7,68,74.6,233.0,15.7,0.67,Normal,Headache,No major diagnosed condition,Never,Sedentary,Occasional,6.2,False
cb6e01fd-a133-4bf3-be6c-1b13d31bf61d,546f450a-baf0-450f-9827-665bf13d76d8,BD-SYN-000502,21,Female,Jhenaidah,False,False,False,False,False,False,False,False,,1,122,81,154.1,60.1,25.3,78,91.8,206.8,13.6,0.84,Normal,Dizziness;Headache,No major diagnosed condition,Never,Light,Never,7.3,True
8e20619b-ec12-47d5-9889-2e1425378cb1,0b002b23-3e31-4e14-a112-209f38fd474c,BD-SYN-000503,34,Male,Naogaon,False,True,False,False,False,False,False,False,,,134,84,163.5,74.3,27.8,72,81.2,174.3,13.3,0.72,Normal,Fatigue,No major diagnosed condition,Never,Moderate,Never,7.9,True
3e160d32-f730-4146-ab98-ace20f337db0,fe4a392a-9957-4dbb-b7f3-76bf2e32bc53,BD-SYN-000504,77,Female,Brahmanbaria,False,False,True,False,False,False,False,False,Dust;Pollen,1,117,79,152.2,73.0,31.5,68,101.0,212.0,11.5,0.94,Nonspecific ST-T changes,Frequent urination,Obesity,Never,Moderate,Never,6.6,True
dd4c3439-1f5f-4462-8569-4d8b19615127,01930995-448f-43a4-91e4-b3c77bced197,BD-SYN-000505,61,Female,Brahmanbaria,True,True,False,False,False,False,False,False,,0,119,81,148.6,79.1,35.8,70,147.3,210.4,13.2,0.45,Nonspecific ST-T changes,Dizziness,Obesity,Never,Sedentary,Never,6.7,True
c568ad45-4c42-4bb2-a48c-534de9d4fbbb,37fc3d97-eff6-449e-b9bc-4be4f43d6f33,BD-SYN-000506,63,Male,Patuakhali,False,True,False,False,False,False,True,False,Dust;Pollen,,133,68,160.5,59.2,23.0,68,96.2,249.3,13.5,0.77,Abnormal,Dizziness;Headache,Cardiovascular disease,Regular,Sedentary,Never,6.8,True
4f265805-8cfb-4f0d-ac6e-a6bc50c98bb7,b13d04da-bf96-4cd6-bbc0-a33930e50d0d,BD-SYN-000507,18,Female,Noakhali,False,False,False,False,False,False,False,False,Dust,0,99,77,160.0,50.2,19.6,71,82.3,223.1,12.0,0.81,Normal,Increased thirst,No major diagnosed condition,Never,Light,Never,5.8,False
e32ed7e6-e815-4f28-8885-ba6a9a2ec1c6,24d93b41-e23a-4d37-8450-c6ed8555a9af,BD-SYN-000508,27,Female,Faridpur,False,False,False,False,False,False,False,False,Food,2,137,70,158.8,75.9,30.1,82,109.0,183.9,11.3,0.59,Normal,Palpitations,Obesity,Never,Sedentary,Never,6.8,False
913ac028-e1e6-4d3e-81fb-a22b06159ba8,36129dc0-0296-4774-8ba6-6c38a8425b58,BD-SYN-000509,37,Male,Natore,True,False,False,False,False,True,False,False,,,155,71,178.4,52.5,16.5,78,99.1,170.9,13.6,0.97,Normal,Chest discomfort,Hypertension,Never,Sedentary,Never,7.0,False
ad4435cf-4c9f-4f88-91b1-5f2c52980e7a,f7706a07-51de-4726-9d95-d825aba14a7d,BD-SYN-000510,62,Male,Naogaon,False,False,False,True,False,True,False,False,Dust;Pollen,,144,83,180.3,63.4,19.5,74,93.3,193.8,15.7,1.09,Sinus bradycardia,Frequent urination,Hypertension,Never,Active,Never,8.0,False
18c06063-4d57-4f96-92e4-f6e931fecfab,824e5fd3-6547-4576-ac7f-a3982f228148,BD-SYN-000511,51,Male,Narsingdi,False,False,False,False,True,False,False,False,,,118,71,172.1,77.0,26.0,79,144.1,248.4,12.8,0.66,Normal,Shortness of breath,Diabetes mellitus,Never,Sedentary,Never,5.8,False
54e4767f-69b9-4ec2-997b-caa7b636086e,891f7141-be41-4b29-a54b-427ae78d744f,BD-SYN-000512,50,Female,Khulna,False,False,False,False,True,True,False,False,,3,138,91,160.2,69.5,27.1,84,134.6,205.2,11.9,0.93,Normal,Dizziness;Headache,Diabetes mellitus; Hypertension,Never,Light,Never,7.3,True
fc66d9e8-8e5f-4cf1-b007-99947fef34a2,48707365-ed40-4585-b01b-edc784c835e7,BD-SYN-000513,41,Male,Pabna,False,False,False,False,False,True,False,False,Dust,,122,84,163.3,72.5,27.2,73,97.7,198.6,11.8,0.86,Normal,Dizziness;Headache,Hypertension,Never,Sedentary,Never,6.3,False
e55e653b-1022-495f-b204-980ea1debdcb,b44a7fe4-53cf-4a84-a06d-4aa37cff0473,BD-SYN-000514,34,Male,Cox's Bazar,True,False,False,False,False,False,True,True,,,121,74,160.6,64.0,24.8,79,93.1,154.7,14.0,0.88,Nonspecific ST-T changes,Shortness of breath,Cardiovascular disease; History of stroke,Never,Moderate,Never,6.0,False
f4aa26c4-0eeb-4050-a7e5-0a9fae81a316,417949ce-5348-4c50-925c-f8998847e42d,BD-SYN-000515,53,Male,Thakurgaon,False,True,False,False,False,False,False,False,,,114,95,158.4,71.3,28.4,72,102.7,198.2,15.3,1.11,Normal,Poor sleep,Elevated blood pressure,Never,Sedentary,Never,5.7,False
92efbe09-5a7a-4186-9d8d-2c54000e9db8,21491678-4ee6-459c-bb3e-8550c6792c37,BD-SYN-000516,73,Male,Manikganj,True,True,True,False,False,False,False,False,Food,,110,81,173.1,89.6,29.9,86,88.0,176.2,12.9,1.18,Normal,Joint pain,No major diagnosed condition,Occasional,Moderate,Never,7.0,True
7a851d53-d2c5-4b0b-9138-042855dac5cd,3511ee08-0d89-4949-9d0a-86ef83c7cad9,BD-SYN-000517,40,Male,Jamalpur,False,False,False,False,False,True,False,False,,,127,85,167.4,77.6,27.7,85,110.4,155.7,16.1,0.62,Normal,Dizziness,Hypertension,Never,Light,Never,8.1,True
1ac075d5-42c8-433b-bad6-ecd84c30634e,6bd7f56a-0655-4130-932d-0418ba3788e4,BD-SYN-000518,39,Male,Cox's Bazar,False,False,False,False,False,False,False,False,Dust,,102,87,177.9,92.7,29.3,77,85.1,212.5,12.7,1.05,Normal,Increased thirst,No major diagnosed condition,Never,Moderate,Never,7.6,True
296570f3-47a8-4ea0-b413-9ddeeb244fbd,acb73a8f-b33b-4e7c-9975-097e23f1c26c,BD-SYN-000519,71,Male,Bhola,False,True,True,False,False,True,False,False,,,146,84,174.0,75.1,24.8,87,69.0,215.1,13.9,1.16,Normal,Dizziness,Hypertension,Never,Sedentary,Never,6.4,False
19b34a24-34e8-4021-8c35-f39ccc0777ba,45d8b730-f9fc-42a9-bea0-5de94224c8b0,BD-SYN-000520,36,Female,Noakhali,False,False,False,False,True,False,False,False,,0,123,75,152.7,61.8,26.5,88,184.2,176.6,10.1,0.7,Normal,Dizziness;Headache,Diabetes mellitus,Never,Light,Never,6.2,False
2c72a51e-16d1-40a0-be41-764d8df1d986,2f7396c6-5e5c-434e-89c1-e2d5ff119cc1,BD-SYN-000521,70,Female,Habiganj,False,True,False,False,False,False,True,False,Penicillin,1,101,86,167.1,75.1,26.9,86,91.6,158.2,15.4,0.63,Nonspecific ST-T changes,Shortness of breath,Cardiovascular disease,Never,Sedentary,Never,6.7,True
91f2c4a9-f665-4eda-ad5a-4ec870a40741,134cdae6-755d-4ed3-bb5a-8b3eb3d31ffc,BD-SYN-000522,69,Male,Gopalganj,False,False,False,False,True,False,False,False,,,131,77,156.3,49.1,20.1,77,181.5,231.7,13.3,1.19,Normal,Frequent urination,Diabetes mellitus,Never,Light,Never,7.7,True
26abad9f-4a42-4757-a656-39f94b56e507,b8b284f8-dff7-490b-a8d4-425a806492ed,BD-SYN-000523,30,Female,Sunamganj,True,False,False,False,False,False,False,False,,2,121,86,152.5,51.4,22.1,87,75.7,175.6,14.7,0.92,Sinus bradycardia,Headache,No major diagnosed condition,Never,Light,Never,6.3,False
6a912094-565a-417f-9c04-603e20563bf4,3298247d-af8a-4971-b5e4-9dcf74e20f9b,BD-SYN-000524,50,Male,Munshiganj,False,True,False,False,True,False,False,False,Food,,126,82,170.2,72.7,25.1,74,126.1,225.5,12.1,1.26,Normal,Fatigue,Diabetes mellitus,Regular,Sedentary,Never,5.6,False
eafdfcb0-f46a-4565-9bb0-3cecf0198d26,1455f9a7-d6ad-4367-a3f8-0dc6d03f2bdb,BD-SYN-000525,55,Female,Barishal,False,True,True,False,False,False,False,False,Pollen,2,121,82,157.0,65.8,26.7,63,108.1,173.8,13.9,0.81,Normal,None,No major diagnosed condition,Never,Light,Never,6.7,True
828de8e5-d19f-4ca8-aa5a-34ff3a3dbc73,20ed259d-5abf-4f8d-bd15-b774a3689776,BD-SYN-000526,57,Male,Kishoreganj,True,False,False,False,False,False,False,False,,,116,63,172.3,106.9,36.0,76,103.6,139.8,15.4,0.85,Normal,Dizziness;Headache,Obesity,Never,Moderate,Never,5.9,False
81dc8123-c48d-4e5c-a033-e3a4dd628018,064f6000-fd16-43fb-be34-d29066b930ef,BD-SYN-000527,40,Male,Khulna,True,False,False,False,False,True,False,False,,,135,81,170.4,69.4,23.9,82,92.5,185.3,16.8,0.97,Nonspecific ST-T changes,Shortness of breath,Hypertension,Never,Light,Never,7.9,True
c832e8ea-9f89-474d-8f50-834bf9dd600d,c979ced5-958a-445b-8428-245746792045,BD-SYN-000528,18,Male,Sylhet,False,False,False,False,False,False,False,False,,,110,70,177.1,107.6,34.3,66,73.8,171.5,15.2,0.75,Normal,Chest discomfort,Obesity,Never,Sedentary,Never,5.3,False
265c31a7-d0ce-440c-957a-0ccd0ec5a61c,a9d62680-875d-4608-af4b-b0720c687fcf,BD-SYN-000529,68,Female,Lakshmipur,True,False,False,False,False,False,False,False,Penicillin,3,110,86,158.4,67.2,26.8,99,125.0,185.2,12.1,0.92,Normal,Chest discomfort,No major diagnosed condition,Never,Light,Never,7.6,False
b9ad6f60-adf7-43e4-976f-be10f1dfeba1,092f2873-08d8-4102-9afe-ed4bce8f613a,BD-SYN-000530,53,Female,Noakhali,True,True,True,False,False,False,False,False,,2,115,74,160.8,60.0,23.2,74,77.6,167.5,13.3,0.72,Normal,Increased thirst,No major diagnosed condition,Never,Light,Never,6.9,True
fd2079f1-fc12-439a-94c6-f534a4defb4d,cf3cb8eb-f530-41ad-8434-bfc85ef0c2f5,BD-SYN-000531,24,Female,Pirojpur,True,False,False,False,False,False,False,False,Penicillin,0,132,78,158.0,57.7,23.1,75,91.3,168.4,13.4,0.55,Normal,Fatigue;Headache,No major diagnosed condition,Never,Sedentary,Never,5.6,False
cd1dab26-5883-4ff4-be63-1aa3e5afda3f,f4f1854a-dea2-417c-8301-e92326c2c0ac,BD-SYN-000532,60,Female,Bhola,False,False,False,False,False,False,False,False,,3,102,80,153.8,60.8,25.7,84,103.5,144.5,13.8,0.81,Nonspecific ST-T changes,Headache,No major diagnosed condition,Never,Light,Never,6.3,False
ba583cfb-bea3-4f14-9311-f92a9cbc837a,3d6f1c30-7de6-4d60-9ca4-18025d50f527,BD-SYN-000533,38,Female,Satkhira,False,True,False,False,False,False,False,False,,4,116,70,153.9,44.8,18.9,79,92.6,138.7,11.4,0.71,Normal,Increased thirst;Frequent urination,No major diagnosed condition,Never,Light,Never,6.3,False
b5a84df8-3c04-4c73-8467-ffee0a391d35,dc378e85-2444-4967-8c10-7e355c623219,BD-SYN-000534,18,Male,Feni,False,False,False,False,False,False,False,False,,,128,74,181.9,103.9,31.4,78,117.9,194.7,15.3,0.85,Normal,Dizziness,Obesity,Never,Sedentary,Never,8.0,True
91cc47ef-1c34-4bdf-9aec-161a31871f38,9c53b9bc-e6bc-496c-8950-791b7ad342a3,BD-SYN-000535,56,Female,Sirajganj,False,True,False,False,False,True,False,False,NSAIDs,1,116,88,149.9,37.1,16.5,72,101.3,180.6,12.1,0.55,Sinus tachycardia,Headache,Hypertension,Never,Light,Never,7.2,False
008cde5c-d48b-46ed-bb98-405e039cee57,4bdea1f2-94b4-4fed-8229-10c4ef48cae0,BD-SYN-000536,41,Female,Noakhali,False,False,False,False,False,False,False,False,,0,100,91,160.0,67.3,26.3,81,69.8,179.1,11.8,0.95,Sinus bradycardia,Increased thirst,Elevated blood pressure,Never,Sedentary,Never,5.7,False
ba8791b3-be61-4ef3-a602-d005c34f64ef,c92b2412-350a-4862-ac9f-38e8ea8bcf2a,BD-SYN-000537,73,Female,Lakshmipur,False,False,False,False,False,False,True,False,,2,134,84,156.8,65.4,26.6,79,82.7,189.0,12.0,0.83,Nonspecific ST-T changes,Shortness of breath,Cardiovascular disease,Never,Sedentary,Never,7.3,True
bb97ffa0-c0d6-4457-9683-403cb9dbd763,2bc9c1a8-b77c-49b8-b2f6-9788fd043ade,BD-SYN-000538,64,Female,Tangail,False,True,False,False,True,True,False,True,,2,150,87,144.6,54.6,26.1,76,188.0,242.0,12.1,0.88,Nonspecific ST-T changes,Increased thirst,Diabetes mellitus; Hypertension; History of stroke,Never,Light,Never,5.9,False
c37543ed-c60e-4008-941e-6393562549aa,fb935eb0-c149-45fd-99be-e792667d55f7,BD-SYN-000539,74,Female,Magura,True,True,True,False,False,True,False,False,,5,146,86,160.5,71.6,27.8,81,61.4,211.7,13.6,0.99,Normal,Back pain,Hypertension,Never,Sedentary,Never,7.6,True
5605e444-b707-42fb-92a8-45b44f9840a1,9d8bdba5-c2f3-4395-aa05-1e942e38f6ce,BD-SYN-000540,75,Male,Jamalpur,True,False,False,False,False,False,False,False,,,144,76,166.5,62.7,22.6,81,82.1,152.3,11.8,0.76,Normal,Joint pain,Elevated blood pressure,Occasional,Moderate,Never,5.3,False
dcd2924d-286c-4a37-b88a-1e8ae2c2d619,23d1a47a-d25d-4090-9d41-fee55a2e8a2b,BD-SYN-000541,62,Female,Bagerhat,False,False,False,False,False,True,False,False,Pollen,2,148,84,154.2,65.6,27.6,65,124.6,255.3,14.1,0.87,Normal,Poor sleep,Hypertension,Never,Sedentary,Never,7.6,True
ed397df6-0cf3-468e-a220-3c11884f2fed,7358b58c-52b9-4f96-9381-93ad4c06f503,BD-SYN-000542,20,Male,Jamalpur,False,False,False,False,False,False,False,False,,,130,76,162.8,62.8,23.7,78,116.0,181.9,16.1,0.93,Normal,None,No major diagnosed condition,Never,Sedentary,Regular,7.3,False
50215c4b-a70d-4048-999b-21c2cc0e8ac0,5077268e-bc44-4d6c-ad21-b7491b3bc831,BD-SYN-000543,65,Female,Lalmonirhat,True,False,False,False,False,False,False,False,,1,136,80,153.6,48.8,20.7,82,96.8,180.3,12.6,0.7,Nonspecific ST-T changes,Fatigue,No major diagnosed condition,Never,Sedentary,Never,8.5,True
a3c61c7d-33d1-432a-b282-755973d1a3bb,63e869cc-bfeb-4ff8-86fe-f1dc6e3d355a,BD-SYN-000544,30,Female,Sunamganj,True,False,False,False,False,False,False,False,Dust;Pollen,0,111,63,163.2,62.6,23.5,62,75.8,222.7,13.3,0.71,Normal,Dizziness;Headache,No major diagnosed condition,Never,Moderate,Never,7.9,False
5eb639a5-125d-4fb0-960f-60e8505c2f15,bc25968f-5255-4694-a29b-8d0f36bb1287,BD-SYN-000545,76,Female,Comilla,True,False,True,False,True,False,False,False,,2,125,57,155.5,62.1,25.7,68,122.0,162.6,15.0,1.1,Nonspecific ST-T changes,Dizziness;Headache,Diabetes mellitus,Never,Light,Never,7.2,True
8dbbddd9-3c86-467a-b42b-0b9e534990a4,2bed7a16-e6ea-4484-9a23-50204ee86ad3,BD-SYN-000546,57,Female,Panchagarh,False,True,False,False,False,False,False,False,,2,115,81,157.9,50.1,20.1,75,100.0,192.4,13.2,0.58,Normal,Joint pain,No major diagnosed condition,Never,Light,Never,7.5,True
f021dd7b-64f2-4518-8533-3c25e15cf4bc,8bc9d6b2-48f4-41d6-a1f8-346178a92ef6,BD-SYN-000547,40,Female,Munshiganj,True,False,False,False,False,False,False,False,,2,123,86,163.8,74.6,27.8,69,78.2,184.7,12.9,0.92,Normal,Frequent urination,No major diagnosed condition,Never,Light,Never,7.1,True
ae462b6f-1aa8-41e7-b89b-70c7f932a98f,75aceb07-1003-4d62-86dd-622e769ca38b,BD-SYN-000548,71,Female,Chattogram,False,True,False,False,False,True,False,False,,5,129,99,152.5,61.2,26.3,82,106.5,172.3,11.2,0.81,Normal,Poor sleep,Hypertension,Never,Light,Never,7.5,False
4ff38c38-3fa7-492f-a6bb-1ac4b9453ae7,bf30b0cd-9890-4020-a949-62c973864b7e,BD-SYN-000549,70,Female,Rajshahi,False,True,False,False,False,False,False,False,,1,111,71,161.7,66.2,25.3,72,100.5,252.9,11.0,0.66,Sinus tachycardia,Increased thirst;Frequent urination,No major diagnosed condition,Never,Sedentary,Never,6.4,False
b8f50adc-751b-45ec-8d6f-430a4ce41af4,85414ae6-382c-48da-8d68-e128b1468caf,BD-SYN-000550,26,Male,Patuakhali,False,False,False,False,False,True,False,False,,,129,83,175.3,59.3,19.3,68,87.6,175.7,14.1,0.97,Normal,Fatigue;Headache,Hypertension,Never,Moderate,Never,6.6,False
116b876f-ebf0-47e6-8fee-dee7a000db53,a8cc33d6-c132-48b4-88d8-6ea21135570b,BD-SYN-000551,22,Female,Satkhira,False,False,False,False,False,False,False,False,Dust;Pollen,1,116,77,153.4,79.3,33.7,68,126.7,169.4,10.1,0.87,Normal,None,Obesity,Never,Sedentary,Never,7.2,True
54ca39cf-1b90-4149-b53f-b5d60119c629,df1e30c0-ebfd-4b13-be8a-13c9ca1ac40f,BD-SYN-000552,27,Male,Barishal,False,False,False,False,False,False,False,False,,,115,78,164.0,51.1,19.0,80,100.2,189.3,13.4,0.75,Normal,None,No major diagnosed condition,Never,Moderate,Never,7.6,False
c3eb3acd-42e9-47d4-9dd3-069c10475b92,49859f88-febe-41d3-a91d-1fce4de8d54d,BD-SYN-000553,32,Male,Jessore,True,False,False,False,False,False,False,False,,,134,75,161.0,67.1,25.9,76,92.8,168.8,13.8,0.89,Normal,None,No major diagnosed condition,Never,Moderate,Never,7.6,True
cc77a33d-2bb1-4030-8648-5fe728aaccc9,88bc805e-420a-4347-9d36-8243512cabd5,BD-SYN-000554,61,Male,Sylhet,True,False,False,False,False,False,False,False,,,119,81,170.2,53.0,18.3,68,112.9,149.6,13.7,0.84,Sinus tachycardia,Back pain,No major diagnosed condition,Never,Active,Occasional,7.4,True
a4b132da-53b0-4b42-a06a-6944fe4f32b2,95a8b7ea-8646-44e6-8abd-60d2c0374f88,BD-SYN-000555,56,Male,Bagerhat,True,False,False,False,False,False,False,False,,,104,73,165.0,71.3,26.2,69,79.8,264.3,12.3,0.98,Normal,Headache,No major diagnosed condition,Never,Sedentary,Never,7.7,False
aec5d3be-203d-4e16-89e2-d0d902f6dff3,4d89e839-b85e-4294-9e46-92a561fe31f6,BD-SYN-000556,27,Male,Bhola,False,False,False,False,False,False,False,False,,,114,72,171.7,71.9,24.4,64,69.6,188.3,14.5,0.73,Normal,Shortness of breath,No major diagnosed condition,Never,Active,Never,5.0,False
8f478bda-8793-4e60-8ace-46c5e621f1a8,081884e9-436e-4d1d-8ae0-0e30812fde2c,BD-SYN-000557,73,Male,Chandpur,False,True,False,False,False,False,True,False,Pollen,,119,66,175.6,54.9,17.8,72,64.4,236.7,13.8,1.12,Nonspecific ST-T changes,Palpitations,Cardiovascular disease,Regular,Light,Never,8.1,False
b2781a48-1008-4c5c-b696-b2f9b2c61c62,64a506fc-d305-4479-a753-e4fbadae4027,BD-SYN-000558,43,Female,Narayanganj,False,False,False,False,False,False,False,True,,2,113,79,151.5,57.8,25.2,68,81.2,141.1,12.1,0.8,Nonspecific ST-T changes,Fatigue;Headache,History of stroke,Regular,Sedentary,Never,7.2,False
20c942d8-2b5c-4b1d-9d53-74778d1277db,c4b029cf-12d0-4d17-8cad-8f05c750804e,BD-SYN-000559,43,Male,Shariatpur,True,True,False,False,False,True,False,False,Food,,158,73,172.6,78.6,26.4,78,77.7,182.5,14.1,1.0,Normal,Frequent urination,Hypertension,Never,Sedentary,Never,5.2,False
b798e7cc-04a7-4426-b282-34d7385740a0,051fede8-ba28-4e96-923b-ba5a18562fa7,BD-SYN-000560,35,Female,Narsingdi,False,True,False,False,False,False,False,False,,4,109,89,146.7,48.6,22.6,78,90.8,105.3,13.0,0.84,Normal,Fatigue;Headache,No major diagnosed condition,Occasional,Moderate,Never,7.3,False
ef7636a0-f703-4eee-afdf-c6e28c998c87,afa86ab4-d14f-4b86-a16d-1d35de1fa720,BD-SYN-000561,45,Male,Narsingdi,False,True,False,False,False,False,False,False,,,104,89,169.3,68.5,23.9,71,108.9,210.7,13.3,0.91,Normal,Increased thirst,No major diagnosed condition,Never,Sedentary,Never,6.1,False
87edb69e-0915-43b3-9996-73ef20612c18,52eea404-f885-4273-b3d0-e86ef7cdfaf0,BD-SYN-000562,74,Male,Sunamganj,False,False,False,False,True,False,False,False,,,133,70,165.5,79.4,29.0,81,184.9,201.6,14.5,1.18,Normal,Frequent urination,Diabetes mellitus,Never,Active,Never,7.0,False
5edea3e9-b5d7-444e-aff9-3568b9657c44,c29c1c42-5d20-4703-8855-540ca49f8409,BD-SYN-000563,25,Male,Chattogram,False,False,False,False,False,False,False,False,,,117,75,177.2,51.8,16.5,87,87.9,153.7,14.3,0.8,Normal,Chest discomfort,No major diagnosed condition,Never,Active,Never,7.2,True
aac4387d-6c9d-4940-978e-5de391d2ff5c,024bb61d-c9ee-4bf3-bd1e-82b9be9fa7f8,BD-SYN-000564,55,Female,Manikganj,True,False,False,False,False,False,False,False,,5,109,77,158.1,67.0,26.8,74,92.6,198.3,11.7,0.63,Normal,Increased thirst,No major diagnosed condition,Never,Light,Never,7.1,True
97699bc8-a65e-4beb-b6d8-b5aab3bc194f,953d4178-ffc2-4cc5-8e14-953a4ac6a7e2,BD-SYN-000565,24,Female,Shariatpur,True,False,False,False,False,False,False,False,Dust,1,116,84,155.7,60.1,24.8,85,84.9,183.1,14.9,1.0,Normal,Increased thirst,No major diagnosed condition,Never,Sedentary,Never,7.2,True
c73594f9-e8d7-46e2-ae83-dcbfad4349f8,9dea7215-3252-423d-ac25-c53e167fe150,BD-SYN-000566,64,Male,Sunamganj,True,False,False,True,False,False,False,False,,,107,74,168.2,69.9,24.7,76,113.4,202.9,15.5,0.9,Normal,Dizziness;Headache,No major diagnosed condition,Never,Sedentary,Never,7.3,True
ed67fd6b-3fe7-481f-af56-c01a3bf5b058,68811d8f-7ad2-4794-ab5c-8bd74ab689d7,BD-SYN-000567,79,Male,Lalmonirhat,False,True,True,False,False,False,False,True,,,110,64,179.0,84.9,26.5,73,86.8,121.2,13.8,1.07,Nonspecific ST-T changes,Frequent urination,History of stroke,Never,Active,Never,7.0,False
473a9ecf-fb8b-4c1a-b9e6-3a97d24750de,9accd227-6765-4e2c-9fd9-e2bee8fe7595,BD-SYN-000568,49,Male,Rajshahi,False,False,False,False,False,False,False,False,Pollen,,116,86,175.7,86.4,28.0,72,106.9,181.0,15.8,0.94,Normal,Increased thirst;Frequent urination,No major diagnosed condition,Never,Moderate,Never,6.4,False
f0d129b3-6be7-4994-9a1a-1a9693283f63,d4747767-3c4d-461a-90e3-5d043cd4c6a4,BD-SYN-000569,42,Female,Noakhali,False,False,False,False,False,False,False,False,,1,113,81,155.8,60.2,24.8,62,92.4,212.8,12.2,1.09,Sinus tachycardia,Increased thirst;Frequent urination,No major diagnosed condition,Never,Moderate,Never,5.6,False
b449f492-2b8f-43da-bcb7-781684093e7c,f1e6d79e-6a18-4fa5-89d1-f74b2b177ef6,BD-SYN-000570,48,Male,Bogura,False,True,False,False,False,False,False,False,,,123,79,171.9,57.0,19.3,71,95.5,144.8,14.1,0.67,Normal,Shortness of breath,No major diagnosed condition,Never,Sedentary,Never,6.4,False
0e357fbb-9589-462a-8397-da778cfd2984,5faefe6b-74d4-43f1-8e46-07094f0d85b8,BD-SYN-000571,50,Female,Sylhet,True,False,False,False,False,False,False,False,,3,120,72,156.6,55.4,22.6,66,77.5,186.0,11.8,0.59,Normal,Joint pain,No major diagnosed condition,Never,Sedentary,Never,6.1,False
a5aa6147-ebaa-4702-9f02-e3554e3840f0,ac4bf1fc-037e-4119-9acc-4c4928158ca4,BD-SYN-000572,39,Female,Kushtia,True,False,False,False,False,False,False,False,,1,113,82,142.8,47.3,23.2,81,95.9,244.1,10.4,0.52,Nonspecific ST-T changes,Palpitations,No major diagnosed condition,Never,Moderate,Never,7.4,True
2def2bbe-d032-41ad-9ff9-be0c7d616a54,422b797a-d3c6-47f8-a12e-d87098ed5315,BD-SYN-000573,62,Male,Satkhira,False,True,False,False,True,False,False,False,Dust;Pollen,,113,75,164.7,50.5,18.6,78,155.4,243.7,13.3,1.01,Normal,Back pain,Diabetes mellitus,Never,Moderate,Never,9.3,True
adab69be-52eb-4cf7-8afe-f0ee22632db3,db102687-44a7-4759-a2ca-d7c38b853fe5,BD-SYN-000574,22,Male,Chattogram,False,False,False,False,False,True,False,False,Dust;Pollen,,131,75,170.7,74.3,25.5,90,109.9,161.2,12.8,0.82,Normal,Palpitations,Hypertension,Never,Moderate,Never,6.5,True
e5e37c5f-c427-4e31-a737-8950bcb6ca8e,51551b19-549f-464f-b5ee-fa74cedf00fa,BD-SYN-000575,27,Female,Jessore,True,False,True,False,False,False,False,False,Pollen,3,100,78,157.8,73.7,29.6,68,84.9,206.7,12.0,0.62,Normal,Dizziness,No major diagnosed condition,Never,Sedentary,Never,7.2,True
c9b8bbaf-a913-46ce-80f9-3aabae13ee76,b26fb72d-defb-4c23-b62b-13c3743f2a57,BD-SYN-000576,58,Female,Jamalpur,True,False,False,False,False,False,False,False,,5,113,79,158.4,57.2,22.8,72,97.5,184.3,12.3,0.81,Normal,Dizziness;Headache,No major diagnosed condition,Never,Moderate,Never,8.1,False
52ffcd43-224c-44e8-845d-4af5fa70f85d,41ff4b8e-9f2e-496a-96a3-b8540d333d8a,BD-SYN-000577,45,Female,Thakurgaon,False,False,False,False,False,False,False,False,,1,115,76,168.0,76.5,27.1,81,99.3,152.9,12.5,0.75,Normal,Dizziness;Headache,No major diagnosed condition,Never,Light,Never,8.6,False
60d57752-37be-4971-9757-274b310a20fe,ec6ea591-6c10-4917-b9a9-f9d4f1dbe850,BD-SYN-000578,34,Female,Sylhet,False,True,False,False,False,False,False,False,,2,124,79,156.2,59.0,24.2,81,100.4,176.0,12.3,0.77,Normal,Poor sleep,No major diagnosed condition,Never,Moderate,Never,7.5,True
8c99c2ca-2f82-47f4-bf45-8b81823acc9c,5a49b7aa-356f-476b-8423-9f509072851f,BD-SYN-000579,80,Male,Sylhet,False,True,False,False,False,False,False,False,Dust,,133,79,154.6,63.1,26.4,88,100.2,183.1,14.0,1.05,Normal,Fatigue,No major diagnosed condition,Occasional,Active,Never,7.2,False
bdca87dd-3161-49a9-9153-a3e1b01b03e3,4515815e-13c9-402c-8a18-588877827168,BD-SYN-000580,47,Female,Nilphamari,False,True,False,False,False,False,False,False,Dust,1,105,71,149.4,67.6,30.3,71,98.0,183.6,13.2,0.73,Normal,Joint pain,Obesity,Never,Sedentary,Never,7.0,True
f4d40c87-6a21-4d31-b111-2263e604dfac,be358527-798f-4f0e-94db-8036d9eb2cea,BD-SYN-000581,75,Female,Pabna,False,False,False,False,False,False,False,False,,2,121,91,148.9,44.1,19.9,65,60,154.1,12.1,0.95,Normal,Palpitations,Elevated blood pressure,Never,Active,Never,6.1,False
17c0c01d-f03f-410f-a363-06aebd6b4ec9,9c294867-f35c-4a20-be4a-6d37f89a5e3c,BD-SYN-000582,56,Male,Patuakhali,False,True,False,False,False,False,False,False,Dust,,117,79,161.3,51.3,19.7,78,84.5,156.7,15.4,0.89,Normal,None,No major diagnosed condition,Regular,Light,Never,6.6,True
fd605c7c-9289-414b-8807-3d7cf2958eaa,7226e554-04ea-480c-8acd-123bb255dbf8,BD-SYN-000583,18,Male,Chapainawabganj,False,False,False,True,False,False,False,False,Pollen,,132,61,155.9,54.0,22.2,63,112.1,206.9,15.2,0.76,Normal,Dizziness;Headache,No major diagnosed condition,Never,Light,Never,7.0,True
b448a06d-213f-4cb5-b82d-c288371c1394,c63a2b9b-1b53-46e4-80f5-cc6bca1778b4,BD-SYN-000584,33,Male,Madaripur,False,False,False,False,False,False,False,False,Food,,103,74,161.2,72.2,27.8,71,101.6,171.0,14.2,0.9,Normal,Palpitations,No major diagnosed condition,Never,Sedentary,Occasional,7.9,True
a4324f3b-9e2a-4958-8d31-d2e2d2a39611,77c9d28d-c391-4658-9684-a76aeb04838d,BD-SYN-000585,44,Female,Moulvibazar,False,True,True,False,True,True,False,False,,3,145,96,154.1,61.7,26.0,61,127.8,188.2,11.5,1.15,Sinus tachycardia,Shortness of breath,Diabetes mellitus; Hypertension,Never,Light,Never,7.1,False
293440b7-fa33-457d-b087-e18f0d9fa074,33a7e6d7-6ce0-461d-a177-da18956c9e79,BD-SYN-000586,66,Female,Comilla,False,True,False,False,False,True,False,False,,3,154,84,160.5,85.3,33.1,74,86.2,180.5,11.7,0.81,Nonspecific ST-T changes,Chest discomfort,Hypertension,Never,Moderate,Never,6.3,False
f107abc3-17f7-4607-a3bd-35502d6e6a53,e031bb69-6117-4590-bd35-b1783dd43d6d,BD-SYN-000587,75,Female,Kishoreganj,False,True,False,False,False,True,False,False,,4,126,80,146.7,49.5,23.0,83,110.4,149.8,13.6,0.99,Normal,Fatigue;Headache,Hypertension,Never,Sedentary,Never,6.3,False
a0c2f27a-805b-4a84-a09c-6280eb13caf5,e6faecca-a553-4224-98ac-d0023c3c02e8,BD-SYN-000588,24,Male,Jhalokathi,True,False,False,False,False,False,False,False,,,118,79,178.0,91.2,28.8,73,98.8,159.4,14.9,0.86,Normal,Poor sleep,No major diagnosed condition,Former,Sedentary,Never,7.0,True
bfc6c49d-5f05-4061-9bea-5abef120bb36,f5582c3e-9e77-4e4b-a61f-e26d6d317719,BD-SYN-000589,30,Male,Gopalganj,False,False,False,False,False,False,False,False,Pollen,,102,83,171.4,88.4,30.1,56,89.0,161.4,13.5,1.08,Normal,Headache,Obesity,Never,Sedentary,Never,6.0,False
a6b721ce-4175-4290-9c63-6ad28f03125b,55145bb7-247e-4ca6-b50d-16bb1489e6de,BD-SYN-000590,55,Male,Magura,False,False,False,False,False,False,False,False,,,122,83,169.9,63.8,22.1,79,114.4,172.8,14.6,0.77,Normal,Dizziness,No major diagnosed condition,Never,Light,Never,7.9,True
de89a596-25c1-4874-a77f-af25f38b8c32,98697b61-f264-4629-b6d3-6c3d4ab1d91f,BD-SYN-000591,42,Male,Feni,False,False,False,False,False,True,False,False,,,146,83,166.2,56.6,20.5,79,95.3,189.6,15.1,0.74,Normal,Poor sleep,Hypertension,Never,Sedentary,Never,6.4,False
3072be8b-0eeb-4fce-8902-6b6ea8b086e7,0c87cbe1-2249-4e47-9b0c-9b7f2a2a7617,BD-SYN-000592,32,Male,Faridpur,False,False,False,False,False,False,False,False,,,105,72,176.5,102.8,33.0,80,108.7,190.1,13.6,1.23,Normal,None,Obesity,Occasional,Light,Never,6.4,False
d4ce6645-81ed-4122-801f-54b9368590ea,0f858e9d-8946-4244-8ec6-46860f02040f,BD-SYN-000593,46,Female,Noakhali,True,True,True,False,False,False,False,False,,5,121,71,151.7,63.7,27.7,64,81.0,152.0,9.9,0.71,Normal,Headache,No major diagnosed condition,Never,Active,Never,5.3,False
7e4a060e-2a3c-4af6-b59e-4847d7c0e44b,7e7cbf03-24c4-4fd2-878c-cb9c8709b8e6,BD-SYN-000594,23,Female,Rajshahi,False,False,False,False,False,False,False,False,,1,110,72,155.7,57.2,23.6,75,72.2,121.3,12.9,0.93,Normal,Palpitations,No major diagnosed condition,Never,Light,Never,7.3,True
7f6b3a15-d906-4fa7-8a11-48c361e8af93,efdddea5-7dc4-46ab-9717-9f895122ee10,BD-SYN-000595,42,Male,Madaripur,True,False,False,False,True,False,False,False,Dust,,130,81,183.9,81.2,24.0,73,222.3,136.6,12.7,1.09,Normal,Frequent urination,Diabetes mellitus,Never,Light,Never,5.4,False
b6d10f8c-e5f9-484a-b12b-3f87a79e38fd,1a7c7b5b-310d-470c-88c6-b7f2077a39e9,BD-SYN-000596,78,Male,Barishal,False,True,False,False,False,True,True,True,,,148,89,168.5,87.4,30.8,71,120.0,308.9,14.6,0.88,Sinus bradycardia,Increased thirst,Hypertension; Cardiovascular disease; History of stroke,Never,Light,Never,7.6,False
4818a735-bad6-4f26-a080-b1d8d918aee4,0814b449-406e-41b6-900c-bbb4562ea4ee,BD-SYN-000597,70,Male,Shariatpur,False,False,False,False,False,False,False,False,,,128,66,166.3,45.6,16.5,59,118.0,211.9,14.2,1.16,Sinus bradycardia,Chest discomfort,No major diagnosed condition,Never,Moderate,Never,6.3,False
b35be92e-6133-4fb3-8dda-da804d25758e,8fc72fed-a5cd-4b5b-b7c0-6d6fbcbeec99,BD-SYN-000598,24,Male,Chandpur,False,False,True,False,False,False,False,False,Dust;Pollen,,135,84,186.6,60.6,17.4,76,112.4,216.0,14.1,0.93,Normal,Increased thirst,No major diagnosed condition,Never,Active,Never,6.9,False
19844210-67b5-4d97-b0bc-cb1c7b4a4644,aa2c6044-9d3b-4832-b946-66160d30690d,BD-SYN-000599,32,Male,Jhalokathi,False,False,False,False,False,False,False,False,Penicillin,,112,67,158.1,84.5,33.8,82,86.3,135.5,13.8,0.75,Normal,Dizziness,Obesity,Never,Sedentary,Never,6.3,False
ec6a9d55-5918-40f6-b1ac-9655ed879220,d1900815-dca3-4f4f-98e5-4c8ed19e1210,BD-SYN-000600,60,Female,Faridpur,False,False,False,True,False,False,False,False,,5,123,73,159.8,63.3,24.8,84,106.0,171.5,13.2,0.61,Normal,Headache,No major diagnosed condition,Never,Light,Never,5.9,False
50604ab7-3bc1-4024-bde8-c78b0c122f7b,fa742ad7-8bc9-4d27-ad1b-51b598c1d29e,BD-SYN-000601,75,Female,Cox's Bazar,False,True,True,False,False,True,False,False,Dust;Pollen,3,145,75,157.5,66.7,26.9,93,123.0,227.3,11.2,0.87,Normal,None,Hypertension,Never,Moderate,Never,7.1,False
49c82796-711f-47c4-a53d-e97d80252e1f,cfcbde63-d000-4d7c-899c-0dac278c762b,BD-SYN-000602,25,Male,Manikganj,False,False,False,False,False,False,False,False,Dust,,109,82,173.4,80.0,26.6,69,88.7,188.1,13.9,0.91,Normal,None,No major diagnosed condition,Regular,Light,Never,5.4,False
062a3754-5950-4d28-b766-6711a3b74d96,e7f7e607-9537-4eae-8b07-c87437940110,BD-SYN-000603,34,Female,Noakhali,False,False,False,False,False,False,False,False,,1,116,70,157.1,66.9,27.1,87,101.4,138.7,13.1,0.94,Normal,Palpitations,No major diagnosed condition,Never,Sedentary,Never,7.0,True
355d09f1-70ae-4f66-95cb-98bae17552f5,fa6b6124-0ba7-4c32-9b8d-6bcd36b4e35e,BD-SYN-000604,55,Female,Chandpur,False,True,False,False,False,False,False,False,,2,120,79,164.0,77.5,28.8,75,113.0,226.8,10.9,0.61,Normal,Dizziness;Headache,No major diagnosed condition,Never,Light,Never,6.7,False
96d2c405-2414-4ad5-9171-abcdfa3a8d9f,322aa533-18cc-471e-980f-63492f8eef83,BD-SYN-000605,18,Male,Gazipur,True,True,False,True,False,False,False,False,,,129,81,159.4,59.7,23.5,80,94.6,220.0,12.7,0.87,Normal,Shortness of breath,No major diagnosed condition,Never,Moderate,Never,5.4,False
de13db6c-9f61-437c-937d-14461d9dcd34,d391bb79-523e-4486-916e-e5e940a04be5,BD-SYN-000606,36,Female,Satkhira,False,True,True,False,False,False,False,False,,1,112,76,140,45.3,23.1,75,80.9,214.3,13.7,0.86,Normal,Fatigue;Headache,No major diagnosed condition,Never,Light,Never,7.8,False
7a7514ca-88a2-4f7e-826b-6daef8d1b573,4153806e-68ff-4014-8ee1-7d4a5cfcf34b,BD-SYN-000607,65,Female,Satkhira,False,False,True,False,False,False,False,False,,4,135,76,158.2,58.1,23.2,55,118.6,209.3,12.0,0.68,Normal,Headache,No major diagnosed condition,Never,Light,Never,5.3,False
d1f14244-7868-4149-8f06-e3903f9146a6,24e9a746-9d75-484f-9e8b-10dc4e8835c6,BD-SYN-000608,60,Male,Kishoreganj,True,True,False,False,False,True,False,False,,,142,87,158.6,72.7,28.9,94,92.2,152.6,13.6,0.88,Nonspecific ST-T changes,Fatigue,Hypertension,Regular,Light,Never,7.1,True
655545df-65e1-4118-8738-0afba74d4975,13615ad2-54ca-49dc-b612-662c362afa12,BD-SYN-000609,48,Female,Madaripur,False,False,False,False,False,False,False,False,,0,104,85,151.9,54.9,23.8,82,102.6,180.8,12.8,0.85,Normal,Poor sleep,No major diagnosed condition,Never,Light,Never,6.0,False
619f5919-02fd-4254-a336-40a3a5494180,906c9194-a00e-41b7-8452-564f48cfe5fb,BD-SYN-000610,54,Female,Patuakhali,False,True,False,False,True,False,False,False,Dust;Pollen,2,104,76,159.7,76.5,30.0,84,82.9,202.0,12.3,0.93,Normal,Poor sleep,Diabetes mellitus,Never,Sedentary,Never,6.8,True
c2c68c7a-1f3c-478e-a9ed-150a77f0c2a2,fa0bd2e5-f85b-4977-9113-33e66a86c5fb,BD-SYN-000611,26,Male,Tangail,False,False,False,False,False,False,False,False,,,114,67,155.8,85.2,35.1,69,111.6,173.1,12.2,1.02,Sinus tachycardia,Headache,Obesity,Never,Sedentary,Never,7.1,True
adf3b03e-b9f2-4447-bde1-bf57a54415b5,b21c310e-5a87-4770-8562-b7489b20cf6a,BD-SYN-000612,25,Female,Chandpur,False,True,False,False,False,False,False,False,,0,121,90,158.3,51.6,20.6,61,94.2,224.0,11.8,0.72,Normal,Back pain,Elevated blood pressure,Never,Moderate,Never,7.2,True
a2371e31-3eaf-4ac5-8680-c083284b3749,bc5b0c72-df06-4a18-9549-716bd9a1cddb,BD-SYN-000613,61,Male,Natore,True,False,False,False,False,False,False,False,,,113,83,166.9,74.1,26.6,78,88.8,171.1,13.6,1.26,Normal,Dizziness;Headache,No major diagnosed condition,Never,Light,Never,7.1,False
21464eea-a54a-4e76-ae4c-4590121514b4,c0feaff4-544c-4597-88d6-6fba36ab8c01,BD-SYN-000614,64,Male,Chandpur,True,True,True,False,False,False,False,False,,,112,73,174.3,88.7,29.2,71,98.0,184.7,14.1,0.79,Normal,Increased thirst,No major diagnosed condition,Never,Active,Never,6.9,False
2e02a5a4-1e67-4556-8c87-08950af9903a,de404623-a8b9-4c5b-aa3c-b0feb03fbad6,BD-SYN-000615,68,Male,Faridpur,True,False,False,False,True,False,False,False,Penicillin,,122,72,167.2,89.5,32.0,69,151.4,181.4,14.2,0.95,Normal,Joint pain,Diabetes mellitus,Never,Sedentary,Never,6.5,False
ba025dfb-1b4b-4039-b57b-22f164aa46f0,dbd6348d-29a7-4c84-a0ac-000371a566a0,BD-SYN-000616,27,Female,Sunamganj,True,False,False,False,False,False,False,False,,3,122,73,163.1,59.9,22.5,58,64.9,233.1,11.6,0.76,Nonspecific ST-T changes,Palpitations,No major diagnosed condition,Never,Moderate,Never,5.7,False
7285eedc-5cb2-4cc6-b6a1-49e2cddabc57,118ace62-763d-45ed-b549-9806949a0f92,BD-SYN-000617,57,Female,Satkhira,False,False,True,False,True,False,False,False,,2,114,69,140,32.3,16.5,81,186.7,181.4,11.3,0.55,Normal,Increased thirst;Frequent urination,Diabetes mellitus,Never,Light,Never,7.0,True
300ec644-fefb-42dc-9407-4ebf79531dc7,e2c3eb9b-d11d-419c-a5ff-308fe0015221,BD-SYN-000618,43,Male,Chandpur,False,False,False,False,False,False,False,False,,,111,70,152.0,54.5,23.6,69,105.2,239.3,14.1,0.81,Normal,None,No major diagnosed condition,Never,Moderate,Never,8.1,False
14e15fe5-e04a-4415-b623-51866aca7964,6d880e7e-8c0d-4eb0-a67d-da4d240a28fa,BD-SYN-000619,34,Male,Natore,False,True,False,False,False,False,False,False,Penicillin,,119,84,170.7,74.6,25.6,65,76.7,229.8,15.8,0.92,Sinus tachycardia,Dizziness,No major diagnosed condition,Never,Sedentary,Never,6.0,False
1982778d-f450-4c5e-89fe-8d083ca8d35b,90343580-7e76-4e06-9877-6871e8e8aa0f,BD-SYN-000620,68,Male,Nilphamari,True,False,False,False,True,False,False,False,,,124,71,178.1,76.4,24.1,69,119.4,206.5,15.5,0.9,Normal,Increased thirst,Diabetes mellitus,Never,Moderate,Never,5.4,False
ef3095ce-2196-4162-b096-e91bd479ccf6,66b44aec-026f-46f5-aff9-9b6df9e376e9,BD-SYN-000621,23,Female,Tangail,False,False,True,False,False,False,False,False,,0,114,77,164.5,69.3,25.6,71,105.7,134.5,11.5,0.71,Normal,None,No major diagnosed condition,Never,Moderate,Never,5.3,False
412a0c33-a559-46e2-a5e5-b649ebad4c31,c38134ef-7854-44fa-a34e-851d7c702fe5,BD-SYN-000622,38,Male,Cox's Bazar,False,False,False,False,False,False,False,False,Pollen,,142,78,158.8,61.0,24.2,62,74.0,230.3,15.5,1.06,Sinus tachycardia,Headache,Elevated blood pressure,Never,Light,Never,5.2,False
bcf5bb06-0bb8-4b6c-baf1-f5509e871660,9eee2b51-ce27-4345-bda0-5c0b5ac4c5b1,BD-SYN-000623,31,Female,Lalmonirhat,False,False,False,False,False,False,False,False,,2,147,77,151.1,65.3,28.6,64,99.0,185.7,14.5,0.96,Normal,Increased thirst;Frequent urination,Elevated blood pressure,Never,Sedentary,Never,7.6,False
db4258fa-75c9-4f12-bcaa-6fb4fe651678,ca1756bf-bd79-4886-a7ef-033ecedacfc3,BD-SYN-000624,31,Female,Gazipur,True,True,False,False,False,False,False,False,Dust;Pollen,3,125,79,142.8,53.8,26.4,62,99.5,214.6,13.7,0.89,Normal,Dizziness,No major diagnosed condition,Never,Moderate,Never,7.0,True
648a2386-8750-408d-ba14-ec8ae58e8291,5cd055dc-9e24-4df6-b187-4fa161340946,BD-SYN-000625,27,Male,Dhaka,False,False,False,False,False,False,False,False,,,115,74,179.6,94.8,29.4,72,85.4,165.9,14.7,0.76,Normal,Headache,No major diagnosed condition,Never,Active,Never,4.7,False
7dc30dc8-6fa0-44f3-9308-bb87963df615,9cc60862-8210-43f6-9a37-8249a46a2b40,BD-SYN-000626,33,Male,Khulna,False,False,True,False,False,False,False,False,,,106,73,162.0,69.3,26.4,73,60,230.5,15.4,1.12,Normal,Increased thirst;Frequent urination,No major diagnosed condition,Never,Sedentary,Never,7.1,False
9157156e-cb8a-43c7-b2f7-b80766c8104d,63546068-2578-4bcf-8f4c-482f0d0c1a87,BD-SYN-000627,68,Male,Panchagarh,False,True,False,True,False,False,False,False,,,109,72,174.1,75.2,24.8,77,118.2,195.9,10.8,1.1,Normal,Poor sleep,No major diagnosed condition,Regular,Light,Never,7.9,True
7f32a5cd-d8e7-4b4f-abd6-a7e7e0546eda,e5465cf0-467a-4273-b3ad-666b13236c7c,BD-SYN-000628,51,Male,Bagerhat,True,False,False,False,False,False,False,True,,,113,81,166.8,56.5,20.3,80,85.5,205.8,14.2,0.7,Nonspecific ST-T changes,Fatigue;Headache,History of stroke,Never,Active,Never,5.8,False
b9bf98d6-7729-4311-aebc-a02381f1a704,97218718-5f40-4339-9fff-02fe7e89e7d7,BD-SYN-000629,20,Male,Bagerhat,False,False,False,False,False,False,False,False,,,118,83,174.1,71.8,23.7,78,83.5,208.9,16.6,1.0,Normal,Chest discomfort,No major diagnosed condition,Never,Active,Never,6.4,False
97a168a5-f971-4db2-a8a7-8201938a0cb0,ba74230e-16a1-4bbe-8585-aa9b9a849710,BD-SYN-000630,72,Male,Kurigram,True,False,False,False,False,True,False,False,,,151,84,153.5,50.9,21.6,79,119.8,171.2,14.9,1.25,Normal,Shortness of breath,Hypertension,Never,Sedentary,Never,8.8,False
d9647158-644a-45b7-a01e-323e26e7ce30,73513b5f-4ccd-46e9-99ac-b2de6a8e54ab,BD-SYN-000631,27,Female,Sylhet,False,False,True,False,False,False,False,False,,1,114,73,154.0,58.6,24.7,84,85.9,189.2,13.0,0.82,Normal,Increased thirst;Frequent urination,No major diagnosed condition,Never,Light,Never,6.9,True
2b18157f-ae81-4fd1-bafb-51723edbfa55,0fb75ac3-70f3-4857-9167-db02c2eaaa61,BD-SYN-000632,55,Female,Patuakhali,False,True,True,False,False,True,False,False,Dust,1,147,80,163.9,75.8,28.2,77,89.0,179.8,13.5,0.67,Normal,Chest discomfort,Hypertension,Occasional,Moderate,Never,7.3,True
bf97b2b0-16f7-4f95-bbbc-0c796e064853,d90aaeed-dbb6-4f20-a29a-a8aaa24c34a3,BD-SYN-000633,72,Female,Jessore,False,False,False,False,True,False,False,False,,2,142,70,153.3,56.4,24.0,65,177.6,165.1,13.8,0.94,Normal,Shortness of breath,Diabetes mellitus,Never,Sedentary,Regular,7.6,False
d4304b17-4f15-40fe-8223-e997f4ea991c,7d84b18d-56d3-4778-afc4-fafe22282dd6,BD-SYN-000634,53,Male,Comilla,False,False,False,False,False,False,False,False,Pollen,,125,74,170.9,76.2,26.1,75,82.9,187.0,13.7,0.78,Normal,Increased thirst,No major diagnosed condition,Never,Light,Never,5.9,False
4ca45440-346e-4daf-a49e-d81bd941f546,5557fc5c-c6a6-4a04-b0ad-6643b8695834,BD-SYN-000635,48,Female,Kushtia,False,False,False,False,False,False,False,False,,1,125,80,167.6,82.9,29.5,81,111.2,190.9,12.8,0.69,Normal,Shortness of breath,No major diagnosed condition,Never,Sedentary,Never,6.4,False
b9f51b46-b830-40f9-ad8f-931d903d1daf,c52feb23-b264-4fb6-9be6-eead30de2fd6,BD-SYN-000636,33,Female,Shariatpur,True,True,False,False,True,False,False,False,Dust,3,123,71,157.0,74.4,30.2,74,179.1,171.5,12.7,0.89,Normal,Shortness of breath,Diabetes mellitus,Never,Sedentary,Never,6.4,False
d7f8b58c-6158-40d0-b03b-9f589eaa31b1,8bca8818-3854-43ab-9c9e-6f550949dfdd,BD-SYN-000637,56,Male,Cox's Bazar,True,False,False,False,False,True,False,False,,,137,95,169.5,74.4,25.9,68,96.6,181.2,13.5,1.05,Nonspecific ST-T changes,Chest discomfort,Hypertension,Former,Sedentary,Never,7.2,True
45bae779-3568-4b53-b6a4-bcb374efffbf,65779d2d-c569-4d12-8da5-664a8ec9d3c4,BD-SYN-000638,53,Female,Barishal,False,False,False,False,False,False,False,False,,3,114,76,160.7,70.2,27.2,66,101.3,175.8,12.8,0.67,Normal,Shortness of breath,No major diagnosed condition,Never,Light,Never,6.8,True
c914c21b-110c-427d-bb36-e55475836237,9c288d22-7191-4389-9309-b8586ffe3923,BD-SYN-000639,49,Male,Bogura,False,False,False,False,False,True,False,False,Dust,,137,89,161.0,66.1,25.5,74,93.5,212.1,17.0,0.94,Normal,Fatigue,Hypertension,Never,Sedentary,Never,5.7,False
ee594908-43ef-442c-bb8b-45fdaed888ce,551aa421-44d5-409b-bca5-b2e2541307eb,BD-SYN-000640,35,Female,Cox's Bazar,True,False,False,False,False,False,False,False,,1,97,68,151.4,50.7,22.1,83,70.1,174.0,11.0,0.69,Normal,Headache,No major diagnosed condition,Never,Active,Never,6.0,False
349b82ae-a907-461f-95af-1d018234de76,2d2518b1-899e-43a0-88d2-6a56c9575625,BD-SYN-000641,31,Male,Sirajganj,True,False,False,False,False,False,False,False,Pollen,,121,82,158.6,63.9,25.4,78,79.4,205.9,13.2,0.98,Normal,Dizziness,No major diagnosed condition,Regular,Sedentary,Never,6.6,False
403e3b8f-f84c-4d4f-8a16-c82d16985433,f7f74b9d-9fb9-4a04-b4a4-ca59d348a6b8,BD-SYN-000642,62,Male,Magura,False,True,False,False,False,False,False,False,,,132,78,180.8,112.4,34.4,75,108.9,225.2,14.2,1.14,Nonspecific ST-T changes,Fatigue;Headache,Obesity,Never,Active,Never,6.1,False
f410b979-6a5b-4485-a9d4-5608edf30f33,eea8b84a-293a-4c46-b042-7225bad68c1e,BD-SYN-000643,57,Male,Khulna,True,False,False,False,False,False,False,False,Food,,95,55,173.5,69.8,23.2,76,89.3,206.9,13.7,0.99,Normal,Joint pain,No major diagnosed condition,Never,Light,Never,6.0,False
80f62b54-afca-49d4-881b-98bc22d74ee9,235729c4-b9f1-44c1-bf1e-e5d4054c5fb6,BD-SYN-000644,65,Female,Kishoreganj,True,False,False,False,True,False,False,False,Dust,3,135,75,165.5,86.0,31.4,78,207.2,261.3,12.2,0.77,Normal,Poor sleep,Diabetes mellitus,Never,Sedentary,Never,7.5,False
fa27569e-4feb-4b94-ad46-4fb2ee494dc5,e6890df7-3005-497b-b055-bda02b67b8e0,BD-SYN-000645,25,Female,Kushtia,False,False,True,True,False,False,False,False,Dust,2,110,81,153.4,51.3,21.8,70,60,143.1,12.6,0.65,Normal,Back pain,No major diagnosed condition,Never,Light,Never,6.9,True
1c35105e-2928-44ea-a00d-0bf5abfc5f8f,46e00104-3e78-44d0-a47b-f30963275d8e,BD-SYN-000646,46,Female,Faridpur,False,False,False,False,False,False,False,False,,3,126,73,158.6,65.9,26.2,67,76.2,136.2,10.7,0.94,Normal,Fatigue;Headache,No major diagnosed condition,Never,Light,Never,7.3,True
9faa14f9-fd02-49e2-8afc-b0842171dd2d,7c750184-1b46-40e6-972a-4fee5fdf4dc9,BD-SYN-000647,18,Female,Bogura,False,False,False,False,False,False,False,False,,0,108,72,157.1,50.3,20.4,82,95.0,158.2,11.4,0.74,Sinus bradycardia,Frequent urination,No major diagnosed condition,Never,Moderate,Never,9.5,True
d16a2b3d-9030-40f1-87f2-6a66c4e8e1d1,fa4e9ea5-5261-49b3-8928-ba7dd2571272,BD-SYN-000648,41,Female,Rajshahi,False,False,False,True,False,True,False,False,,2,135,76,149.1,39.8,17.9,80,95.2,218.8,12.4,0.58,Normal,Dizziness,Hypertension,Never,Sedentary,Never,6.6,True
67b67607-9390-415c-9565-bdfaae7c3d4f,569524f8-c9ab-4d07-a215-6050ea397fdb,BD-SYN-000649,65,Female,Gazipur,False,False,False,False,False,False,False,False,,3,131,73,159.5,53.4,21.0,56,71.4,209.1,12.8,0.79,Normal,Joint pain,No major diagnosed condition,Never,Sedentary,Never,6.8,False
88b124b6-3ac5-4ab6-987a-c938770420a2,bec35848-191f-4f31-a854-bdd79582e6e0,BD-SYN-000650,68,Male,Lalmonirhat,True,False,False,False,False,False,False,False,,,116,81,175.7,70.1,22.7,77,118.7,204.4,16.1,0.9,Normal,Poor sleep,No major diagnosed condition,Never,Moderate,Never,6.6,True
d8ff8270-ae12-446c-9f48-24ff9c25abfa,8af6fce1-2dc5-40d5-a80d-c53a143fd957,BD-SYN-000651,28,Male,Manikganj,False,False,False,False,False,False,False,False,Pollen,,109,75,176.8,77.8,24.9,75,80.1,203.1,12.5,0.89,Normal,None,No major diagnosed condition,Regular,Light,Never,6.6,True
bbec1b31-72b2-4cef-bee0-0e1d504104af,4fa32f98-eb7a-44cb-b978-d01438a870d2,BD-SYN-000652,71,Male,Rangpur,False,False,False,False,False,False,True,False,,,144,85,168.7,81.7,28.7,75,87.0,189.5,13.7,0.89,Nonspecific ST-T changes,Shortness of breath,Cardiovascular disease,Never,Sedentary,Never,6.1,False
1af4f758-c2a7-4e65-8d82-0c9163ff5119,5b3c123f-ac39-4454-af2b-0b258f36d6bc,BD-SYN-000653,23,Male,Sunamganj,False,True,False,False,False,False,False,False,Pollen,,109,76,171.5,61.8,21.0,72,113.2,144.2,13.2,1.05,Normal,Frequent urination,No major diagnosed condition,Never,Moderate,Never,8.9,True
ec6c8d05-c999-47fa-81e4-5089de9e2bc9,1e17cb27-ff52-4012-b1c8-dd01769a4b12,BD-SYN-000654,74,Male,Rangpur,True,False,False,False,False,False,False,False,Pollen,,117,76,166.0,61.4,22.3,70,102.2,183.4,14.2,0.77,Normal,Chest discomfort,No major diagnosed condition,Never,Light,Never,7.9,True
0f538555-ea3e-4756-8fa8-02584eaca2cc,2feda2f7-424f-47c7-a411-4f7a24265055,BD-SYN-000655,21,Male,Bagerhat,True,True,False,False,False,False,False,False,Food,,135,80,161.5,59.2,22.7,76,92.8,183.1,14.6,1.03,Normal,Chest discomfort,No major diagnosed condition,Never,Light,Never,6.8,True
078d45f2-968b-4902-9939-160ac0065461,13398342-ea0a-489f-b898-0ad4e189773f,BD-SYN-000656,23,Female,Narsingdi,False,False,False,True,False,False,False,False,,0,119,71,155.5,52.5,21.7,85,91.7,128.2,13.0,0.94,Normal,Headache,No major diagnosed condition,Never,Light,Never,4.9,False
6d3120eb-b2a3-49ac-8661-95545a9d81d1,4d429aee-94ef-4475-aa00-67167ac70a46,BD-SYN-000657,79,Female,Gopalganj,True,False,False,False,True,False,False,False,,2,122,75,158.5,78.6,31.3,74,121.8,213.4,12.6,1.16,Normal,Poor sleep,Diabetes mellitus,Never,Sedentary,Never,6.7,True
bfb15dbf-e9f9-43a4-90df-3da3d300897e,48b09c11-63ca-4f52-9f10-1928e1c80211,BD-SYN-000658,80,Female,Naogaon,True,False,False,False,False,False,False,False,,3,118,74,171.6,79.2,26.9,73,75.3,194.7,11.9,0.77,Nonspecific ST-T changes,Fatigue;Headache,No major diagnosed condition,Never,Moderate,Never,7.6,True
25beb24f-5bee-4b89-83b0-811baa6a4cf1,d2d20dee-010b-42c4-bad0-c7bad9a53f22,BD-SYN-000659,28,Female,Netrokona,False,False,False,False,False,False,False,False,,1,117,78,152.3,61.5,26.5,86,109.1,231.6,15.2,0.82,Normal,Fatigue,No major diagnosed condition,Never,Sedentary,Never,7.9,True
7731eac1-17e6-4941-b1cc-b917180c7019,0a2e3978-e5f7-455e-9b15-74fd4cf20363,BD-SYN-000660,33,Female,Patuakhali,False,True,False,True,False,False,False,False,,1,122,74,161.2,42.9,16.5,67,100.8,180.8,13.4,0.8,Normal,Poor sleep,No major diagnosed condition,Never,Sedentary,Never,6.8,True
01d73ae5-413d-4ecb-bbd3-8941c12ecd95,650b132b-361b-4f83-87f7-5e64eaaca67b,BD-SYN-000661,42,Male,Jamalpur,False,True,False,False,False,False,False,False,Dust,,135,72,170.2,53.0,18.3,65,83.5,138.3,14.2,0.82,Sinus tachycardia,Palpitations,No major diagnosed condition,Never,Light,Never,7.0,True
89d26113-2888-4f98-950d-8ca0041fdae2,bdd3b736-a082-46ad-b6b7-4522dd72f389,BD-SYN-000662,70,Male,Narayanganj,False,False,True,True,False,True,False,False,,,132,85,167.4,72.6,25.9,82,81.0,119.5,13.8,1.3,Sinus bradycardia,Increased thirst;Frequent urination,Hypertension,Never,Sedentary,Never,6.3,False
4255fbec-b61b-4c61-9d81-dd73bbb5b6fc,ae89d856-c73d-4dcd-9d75-6035d4280c80,BD-SYN-000663,50,Female,Bogura,False,False,False,False,False,False,False,False,Dust,2,107,84,151.4,50.0,21.8,74,90.4,185.2,10.6,0.9,Normal,Fatigue,No major diagnosed condition,Never,Sedentary,Never,6.5,False
4aca4981-3f9e-44e8-88a8-2e171da352f5,bd92444a-5e6a-45fa-86cc-fc6f7d732350,BD-SYN-000664,68,Female,Gaibandha,False,False,True,False,False,True,False,False,,1,138,99,153.8,51.8,21.9,68,87.1,207.5,13.1,0.98,Normal,Joint pain,Hypertension,Never,Moderate,Never,7.5,True
e68b63c3-f3cd-44a3-9690-94d9fbf8250a,6133ed1c-6dc7-4069-9638-736418d15a83,BD-SYN-000665,47,Male,Naogaon,False,False,False,False,False,False,False,False,,,126,66,170.6,78.6,27.0,103,78.9,188.1,13.9,1.1,Normal,Back pain,No major diagnosed condition,Occasional,Sedentary,Never,6.0,False
1187d961-cac6-4b24-8fcc-4d340fa563be,b59a29dc-6aaa-490a-9009-5219f48d20ab,BD-SYN-000666,57,Male,Shariatpur,False,False,False,False,False,False,False,False,Dust,,110,68,171.3,86.0,29.3,77,81.6,203.2,14.5,1.33,Normal,Fatigue;Headache,No major diagnosed condition,Never,Active,Never,6.7,False
c21513e8-2ca5-43cc-a2fa-82ea4e80d656,1353dcd0-01d8-435d-a302-66c379cb3342,BD-SYN-000667,44,Female,Thakurgaon,False,True,False,False,False,False,False,False,NSAIDs,3,125,67,154.1,54.9,23.1,81,60,228.2,11.7,0.77,Normal,Frequent urination,No major diagnosed condition,Never,Active,Never,8.8,True
102148a5-7d69-447d-97a2-e019f5e46c3e,72c2caca-aa55-4143-980c-1afc2e313454,BD-SYN-000668,33,Male,Cox's Bazar,False,False,False,False,False,False,False,False,,,115,80,167.7,56.5,20.1,91,84.2,120.5,12.4,0.96,Normal,Frequent urination,No major diagnosed condition,Never,Moderate,Regular,5.3,False
d589ec8a-46bb-46ed-ac5a-7873933a117e,93c94abb-2049-4da1-b121-7447dadd4894,BD-SYN-000669,49,Female,Jessore,False,True,False,False,False,False,False,False,,5,123,65,155.3,53.1,22.0,70,60,179.0,12.5,1.15,Nonspecific ST-T changes,Palpitations,No major diagnosed condition,Never,Sedentary,Never,6.0,False
58c344ea-0436-4292-888a-a397fec1f497,b99aea70-2cc1-4a20-8eab-bfa25a0bce6c,BD-SYN-000670,30,Male,Barishal,True,False,False,False,False,False,False,False,,,113,70,167.2,74.4,26.6,81,88.5,151.2,14.3,0.79,Normal,Back pain,No major diagnosed condition,Regular,Sedentary,Never,5.6,False
288adc09-eda9-4909-829c-1410b59f007a,e7b713e8-b54b-4fb9-b178-b255ec188697,BD-SYN-000671,43,Male,Rangpur,False,False,False,False,False,False,False,False,,,105,84,179.1,59.0,18.4,96,67.6,168.8,15.6,0.73,Sinus bradycardia,Back pain,No major diagnosed condition,Never,Sedentary,Never,6.7,True
a49205a5-0281-4d13-b1ca-845b7b424127,a205fa67-6d1b-4de0-9ba2-c9df25b24e16,BD-SYN-000672,38,Female,Gazipur,False,True,False,False,False,False,False,False,NSAIDs,1,128,78,148.8,55.4,25.0,77,110.5,148.7,13.5,0.79,Normal,Increased thirst,No major diagnosed condition,Never,Sedentary,Never,7.2,True
3fa30d73-39b0-4b57-80fd-75565f768ddb,b6d98807-8232-46d4-89dc-de36baa2af98,BD-SYN-000673,26,Female,Gopalganj,True,False,False,False,False,False,False,False,Pollen,3,102,67,156.1,68.5,28.1,79,64.6,206.9,13.2,0.68,Normal,Increased thirst;Frequent urination,No major diagnosed condition,Never,Moderate,Never,7.3,True
6ddd77b4-06ba-4b20-948d-21ce2f498bf6,2a240eff-2fa6-48e8-acce-40eb539040a0,BD-SYN-000674,46,Male,Rajshahi,False,True,True,False,False,False,False,False,,,115,79,168.9,65.6,23.0,78,94.2,154.6,13.4,1.08,Normal,Poor sleep,No major diagnosed condition,Former,Moderate,Occasional,6.7,True
81e7ccdd-fbfa-4f2d-a534-662285185e87,de21be6d-f556-43ba-8b7d-574245e110c6,BD-SYN-000675,73,Female,Gazipur,True,False,False,False,False,True,False,False,Pollen,2,147,94,143.4,56.8,27.6,92,111.4,216.2,13.4,0.65,Nonspecific ST-T changes,Headache,Hypertension,Never,Light,Never,5.6,False
a425d09d-a79f-4038-907b-c9e90a2c8bc3,eb99a4fd-2fd4-4d44-a61d-317491fcd78b,BD-SYN-000676,20,Male,Noakhali,False,False,False,False,False,False,False,False,Pollen,,116,81,165.6,64.7,23.6,87,97.8,168.7,13.6,0.56,Abnormal,Joint pain,No major diagnosed condition,Never,Sedentary,Never,6.3,False
34d6de63-ff75-44aa-a41d-e5ca6c2ccd8f,0eb59104-f35e-4208-b95f-bfa4b1c0344d,BD-SYN-000677,71,Male,Jamalpur,True,True,False,False,False,True,False,False,,,113,83,174.4,80.9,26.6,68,104.5,177.3,13.9,0.78,Normal,Dizziness;Headache,Hypertension,Never,Light,Never,5.7,False
99b87559-d04c-44ec-a37d-a0ec5d2d7705,b1efa95d-66d2-41ee-ac09-a774da2a9725,BD-SYN-000678,67,Female,Gaibandha,True,True,False,False,False,True,False,False,,3,158,86,168.3,81.3,28.7,55,62.4,181.2,12.5,0.83,Normal,Fatigue;Headache,Hypertension,Never,Light,Never,5.9,False
da4874bb-fb06-4a9b-a553-1dfc2b2bc595,5f2854e5-5ff4-4f40-bff0-289155f87b08,BD-SYN-000679,68,Male,Bhola,False,False,False,False,False,False,False,False,NSAIDs,,146,84,160.3,73.7,28.7,78,102.5,161.0,14.5,0.95,Normal,Dizziness,Elevated blood pressure,Regular,Light,Never,7.4,True
84fde0a0-6391-4ca8-9cb2-414d9d7609b9,d4448c89-c9d7-42c9-abaf-48907925acce,BD-SYN-000680,40,Male,Barishal,True,False,True,False,False,False,False,False,,,113,80,164.9,79.7,29.3,76,80.0,234.6,14.5,0.74,Normal,Shortness of breath,No major diagnosed condition,Never,Sedentary,Never,6.7,False
c2049c90-49df-440f-b998-8bb8f30fd321,25f47508-4736-4439-824f-fd2736eb7329,BD-SYN-000681,47,Male,Faridpur,False,True,False,False,False,False,False,False,Dust,,112,67,167.0,75.0,26.9,63,73.9,176.8,14.3,0.89,Normal,Back pain,No major diagnosed condition,Never,Moderate,Never,7.6,True
09696b23-1066-4483-8d02-efc42dfed514,6d4de617-b671-420f-99d6-0885e5dc72df,BD-SYN-000682,57,Female,Sirajganj,False,True,False,False,False,False,False,False,,3,112,81,162.0,74.3,28.3,77,80.5,216.2,10.6,0.53,Normal,Joint pain,No major diagnosed condition,Never,Sedentary,Never,7.1,False
9d205594-0933-44d5-93a5-49421a4c07c3,c8aeeabe-c331-4c4e-ac8b-d3794b76e33d,BD-SYN-000683,64,Female,Barishal,True,True,False,False,True,False,False,False,,4,114,79,151.0,52.0,22.8,76,135.3,195.9,14.1,0.69,Normal,None,Diabetes mellitus,Never,Sedentary,Never,7.2,True
9d3c5c0c-d3fe-4ff5-ac83-ee9eb68b12e5,e9917cc8-b3f3-474e-81eb-1db3cbc8d35c,BD-SYN-000684,46,Female,Lakshmipur,True,False,False,True,False,False,False,False,,2,125,77,141.3,48.9,24.5,72,93.2,181.4,12.6,1.03,Normal,Dizziness;Headache,No major diagnosed condition,Never,Light,Never,6.9,False
91f7c1c8-bee8-4fd6-9909-5f6aa5c92b5f,fbdb6ce2-d389-4fd1-8b5d-3b93c40cdb12,BD-SYN-000685,45,Female,Chandpur,True,True,False,False,False,False,False,False,,3,116,65,155.7,71.0,29.3,69,108.1,201.4,14.0,0.7,Sinus tachycardia,Poor sleep,No major diagnosed condition,Never,Sedentary,Never,7.2,True
e8956208-8353-4a8b-a120-1bbab72f8ead,60da01f6-d37a-42f8-a598-93654bb69283,BD-SYN-000686,48,Male,Cox's Bazar,False,True,False,False,False,False,False,False,,,112,74,163.5,71.6,26.8,63,74.8,222.6,14.7,1.05,Normal,Dizziness,No major diagnosed condition,Never,Light,Never,5.9,False
1740f11c-1d5c-404f-9b25-2ddbcfd8b134,26a62b4f-3fb9-4b17-8804-a6e89b110257,BD-SYN-000687,41,Male,Noakhali,False,False,False,False,False,False,False,False,Dust;Pollen,,107,81,162.9,43.8,16.5,58,79.9,194.3,15.5,0.81,Normal,Joint pain,No major diagnosed condition,Never,Sedentary,Never,7.4,True
b6559b68-0788-4f75-8676-2dfd99f85cf7,e9de345d-d6a7-4337-a4c3-e5622f17b3e6,BD-SYN-000688,32,Female,Gaibandha,False,False,False,False,False,False,False,False,,3,118,83,155.0,72.3,30.1,95,60,151.3,10.1,0.91,Normal,None,Obesity,Never,Light,Never,7.3,False
f5c5f917-f3da-4a64-ae36-3056a7256b61,ed5ff1b9-9d64-4dab-850f-4956c5c8cb8c,BD-SYN-000689,55,Female,Tangail,False,False,False,False,False,True,False,False,Dust;Pollen,3,146,90,151.6,52.6,22.9,78,88.6,181.1,10.9,0.98,Nonspecific ST-T changes,Headache,Hypertension,Never,Light,Never,6.4,False
4678bc0c-8c81-4b07-8125-9b288af0f925,bfdd4212-ef0d-4a2b-9719-56fc85875048,BD-SYN-000690,19,Female,Dhaka,False,False,False,False,False,False,False,False,,2,115,74,150.1,50.2,22.3,80,86.3,185.2,14.7,0.8,Normal,Dizziness,No major diagnosed condition,Never,Moderate,Never,6.3,False
a4fdd1ef-dae6-49db-8b5f-1b5e56d550df,82d924d9-d9b1-47bf-a7e9-24e80b415e05,BD-SYN-000691,25,Female,Netrokona,True,False,False,False,False,False,False,False,NSAIDs,3,102,63,151.2,46.2,20.2,62,94.5,193.9,12.6,0.86,Normal,Fatigue,No major diagnosed condition,Never,Moderate,Never,5.6,False
41c7eca4-7fd5-43c2-a89e-92fe4fdfa8e9,eac51ce5-727b-430e-9e2f-048e99498f3f,BD-SYN-000692,72,Female,Rajshahi,False,True,True,False,False,False,True,False,Food,3,108,73,158.7,43.3,17.2,68,80.3,224.1,11.8,1.0,Normal,Shortness of breath,Cardiovascular disease,Never,Active,Never,7.4,True
97e62527-08e7-4d0e-95f5-cab557b5346f,a81dfa7a-0fe0-4d6c-b67e-12fc1f2db7dc,BD-SYN-000693,67,Female,Khulna,False,False,False,True,False,True,True,False,,3,135,84,155.0,62.5,26.0,76,90.7,237.9,13.3,0.92,Nonspecific ST-T changes,Back pain,Hypertension; Cardiovascular disease,Never,Moderate,Never,8.0,True
9ff7763e-2291-4247-83e6-13960bd750c2,8cecb314-edc3-433b-9ed1-b0db9eeda1bb,BD-SYN-000694,19,Female,Gopalganj,True,False,False,False,False,False,False,False,Dust;Pollen,0,125,70,153.1,55.1,23.5,59,96.0,211.9,12.8,0.54,Sinus tachycardia,Palpitations,No major diagnosed condition,Never,Light,Never,5.7,False
0488f82e-95c5-4114-b1a4-bac9fbd4763b,0f415b78-21f3-43b6-bf47-afaa06312d33,BD-SYN-000695,18,Male,Brahmanbaria,False,False,False,False,False,False,False,False,Pollen,,119,76,175.6,55.8,18.1,81,83.0,165.9,13.5,0.81,Normal,Shortness of breath,No major diagnosed condition,Never,Light,Never,7.0,True
20f1f649-eb6b-49d3-83ff-a4cf7c8d4bd8,87573bd7-01f5-4030-a03a-0b9349037df3,BD-SYN-000696,47,Male,Cox's Bazar,True,False,False,False,False,False,False,False,Dust;Pollen,,133,83,160.3,60.9,23.7,89,102.4,196.2,14.9,0.93,Normal,Shortness of breath,No major diagnosed condition,Never,Moderate,Never,6.3,False
073ae2b5-1cb9-440b-8c05-1a4cc680c5b4,e35be8e8-ee01-406c-8c56-09a8afab2fcc,BD-SYN-000697,70,Male,Thakurgaon,False,True,False,False,False,False,False,False,Penicillin,,111,78,162.9,70.9,26.7,74,102.5,113.2,15.6,1.33,Normal,Fatigue,No major diagnosed condition,Never,Sedentary,Never,6.5,True
e38866f0-0307-4006-a7db-00bac249ca37,c196ba4c-6962-49cd-aac2-17f4637fa422,BD-SYN-000698,35,Female,Manikganj,True,False,False,False,False,False,False,False,Penicillin,4,118,77,159.9,59.1,23.1,76,80.4,252.3,12.2,0.91,Normal,Joint pain,No major diagnosed condition,Never,Sedentary,Never,6.2,False
e36895d3-abfb-455e-8ff1-7e72fba34c43,0fc01c86-d4ad-4f55-825a-da03b03a6fa0,BD-SYN-000699,18,Male,Bogura,True,False,False,False,False,False,False,False,Dust,,104,74,167.4,63.9,22.8,69,115.1,149.0,14.5,0.73,Normal,Chest discomfort,No major diagnosed condition,Never,Light,Never,7.1,False
81e6813b-8e42-46c8-b6b0-f1a0b672df2f,65abfe9b-74f7-455c-ac84-9bda8809770f,BD-SYN-000700,63,Male,Netrokona,False,True,True,False,False,True,True,False,,,121,90,181.3,96.3,29.3,68,95.6,203.6,15.4,0.94,Sinus tachycardia,Fatigue;Headache,Hypertension; Cardiovascular disease,Never,Sedentary,Never,6.7,False
23735020-0b80-4d7f-a9f5-a8fa50736c20,d1dbed86-09e7-4815-b2f1-f34660bf3e50,BD-SYN-000701,52,Female,Narail,True,False,False,False,False,False,False,False,,3,119,81,150.5,59.6,26.3,70,86.5,227.5,11.1,1.13,Normal,Increased thirst;Frequent urination,No major diagnosed condition,Never,Moderate,Never,6.5,False
15832032-655a-4aed-bf76-2c193a739246,a92860ca-516e-41f2-8f82-433c8f9b2ae1,BD-SYN-000702,36,Male,Habiganj,True,False,True,False,False,False,False,False,Pollen,,114,89,174.5,97.4,32.0,67,87.7,236.8,15.0,1.1,Normal,Dizziness,Obesity,Never,Sedentary,Never,7.1,False
2722deec-7358-4e27-a741-e175030fde71,dfa9b193-5de9-4f9b-8433-8bce0fef2801,BD-SYN-000703,65,Female,Chapainawabganj,False,False,False,False,True,True,True,False,Pollen,5,140,85,146.5,59.5,27.7,74,205.3,200.3,12.4,0.96,Nonspecific ST-T changes,Poor sleep,Diabetes mellitus; Hypertension; Cardiovascular disease,Regular,Light,Never,7.9,True
baae501e-b4d7-4028-aab9-af9a8d458d8a,c4f000fe-b611-4878-a245-eeb0084dbc87,BD-SYN-000704,29,Male,Kishoreganj,False,False,False,False,False,False,False,False,Penicillin,,123,70,169.2,76.2,26.6,77,118.4,195.6,12.6,0.77,Sinus bradycardia,Poor sleep,No major diagnosed condition,Never,Active,Never,7.0,True
f48c6448-8155-43a9-93b2-d682093f91ec,83bde88a-2bbd-4c0c-825f-3f862af4601d,BD-SYN-000705,66,Male,Narayanganj,False,False,True,False,False,False,False,False,Food,,106,75,166.1,69.5,25.2,68,83.1,242.1,14.2,1.05,Normal,Dizziness;Headache,No major diagnosed condition,Never,Light,Never,7.2,True
3bcbff18-d076-4044-8902-a2cd8a24496f,4708f3d0-5656-429b-bbf8-5b381177f138,BD-SYN-000706,53,Female,Rajshahi,True,False,False,False,False,False,False,False,,2,110,93,151.6,54.7,23.8,60,79.9,195.6,13.1,0.81,Normal,Poor sleep,Elevated blood pressure,Regular,Light,Never,5.7,False
1976c688-7087-49bf-90c6-33ac9f339022,2f81bef4-9aff-43da-af24-513f28e33859,BD-SYN-000707,51,Male,Jamalpur,True,False,False,True,False,True,True,False,,,134,81,173.8,73.7,24.4,73,106.7,213.0,10.5,0.8,Nonspecific ST-T changes,Palpitations,Hypertension; Cardiovascular disease,Never,Sedentary,Never,6.1,False
edebdff3-469f-4623-b2ba-5191d6444ec3,82e44ccc-e5cb-427b-9aca-81ca0eddfdad,BD-SYN-000708,79,Female,Satkhira,True,True,True,False,False,True,False,False,,2,144,82,146.6,38.7,18.0,72,111.2,173.2,12.0,0.76,Sinus bradycardia,Increased thirst;Frequent urination,Hypertension,Never,Moderate,Never,7.1,True
ed7e822e-2890-43cd-9d68-c0ebf51901e6,91bffb16-8a70-4d93-b859-3cfc545836a6,BD-SYN-000709,72,Male,Noakhali,False,False,False,True,False,False,False,False,Dust,,116,74,175.2,62.3,20.3,70,82.2,191.6,13.5,0.73,Sinus bradycardia,Shortness of breath,No major diagnosed condition,Occasional,Light,Never,7.0,True
8941b1f8-012b-4519-bd67-6def695f0eb1,879d6c19-fe23-4797-a871-d2b4264b6ded,BD-SYN-000710,62,Male,Narsingdi,False,True,False,False,False,False,False,False,,,122,66,163.8,70.8,26.4,73,80.3,132.5,14.0,1.02,Normal,Fatigue,No major diagnosed condition,Never,Light,Occasional,9.4,True
5617b446-ec23-41c2-9fe2-1ff446258be2,367ff10d-7b2d-465c-9abb-dfd3a9a71bbc,BD-SYN-000711,34,Female,Khulna,False,True,False,True,False,True,False,False,,0,148,100,158.8,54.7,21.7,73,72.2,198.6,13.2,0.76,Normal,Back pain,Hypertension,Never,Active,Never,9.0,True
65087b41-3400-436c-ac6b-2bda0537b30c,d7dad165-e0f6-4141-9726-ad67d9671f1f,BD-SYN-000712,76,Male,Naogaon,False,True,False,False,True,False,False,False,Pollen,,121,78,165.4,64.6,23.6,82,187.4,249.7,13.7,0.96,Normal,Fatigue,Diabetes mellitus,Occasional,Light,Regular,7.7,True
9340eb8e-bdec-43c2-972c-db8393a9de59,0932d229-a9cd-4a7a-88e4-ab3cf8f35220,BD-SYN-000713,29,Male,Patuakhali,False,False,False,False,False,True,False,False,,,146,92,175.6,88.2,28.6,80,101.0,155.8,12.3,1.02,Normal,Palpitations,Hypertension,Never,Light,Never,6.8,True
47502a6a-2a4b-4c6a-9af9-90a7ef1498a6,75572970-6ac3-4d66-9721-3a68bb92915e,BD-SYN-000714,37,Male,Dinajpur,False,True,False,False,False,False,False,False,Dust,,126,74,182.3,95.7,28.8,78,68.0,218.9,15.2,0.83,Normal,Headache,No major diagnosed condition,Never,Sedentary,Never,8.9,True
3cd5f564-e55e-4a4e-8a11-9f5720c4267c,cc7e3e92-56d4-4837-9f2d-d668e44ed3e6,BD-SYN-000715,41,Female,Gazipur,False,False,True,True,False,False,False,False,Food,1,134,69,156.4,78.0,31.9,68,108.6,247.3,13.4,0.59,Normal,Chest discomfort,Obesity,Never,Sedentary,Never,7.9,True
1c8c502c-2822-4366-9234-d5d96e7ba0e8,d29c34a3-d453-418e-a701-26617147753c,BD-SYN-000716,80,Male,Tangail,False,False,False,False,False,True,True,True,NSAIDs,,138,81,164.2,59.0,21.9,71,87.9,258.2,13.6,0.68,Nonspecific ST-T changes,Chest discomfort,Hypertension; Cardiovascular disease; History of stroke,Never,Sedentary,Never,6.6,False
1d101c2b-978e-4262-aaf3-1a031d271854,3a620369-235a-4510-86f0-dd14ace736f8,BD-SYN-000717,24,Female,Habiganj,False,False,False,False,False,False,False,False,,0,124,86,150.3,61.9,27.4,66,90.1,197.3,12.8,0.92,Normal,Palpitations,No major diagnosed condition,Never,Sedentary,Never,4.2,False
c093168b-028a-4676-a05f-bb36e0c549b4,130362b6-4407-4230-9eed-80ac370b9b95,BD-SYN-000718,75,Male,Chandpur,False,False,False,False,False,False,False,False,,,127,72,164.3,59.9,22.2,50,109.9,137.8,14.5,1.01,Sinus bradycardia,Poor sleep,No major diagnosed condition,Occasional,Moderate,Never,5.5,False
77d081e3-6198-4ae9-ba85-a25520b44852,c4746a67-e451-490a-9944-8615e261635e,BD-SYN-000719,54,Male,Moulvibazar,False,False,False,False,False,False,False,False,,,101,81,166.0,76.3,27.7,77,71.7,216.3,13.0,0.61,Normal,Increased thirst;Frequent urination,No major diagnosed condition,Never,Sedentary,Never,7.8,False
0de1294e-203d-4071-bc01-9cd777da7a9d,133560a8-52c1-4216-b91d-b4b0a3f259cc,BD-SYN-000720,64,Male,Comilla,False,False,False,False,False,False,False,False,Penicillin,,128,75,167.5,67.1,23.9,67,95.4,203.3,13.2,0.85,Sinus tachycardia,Chest discomfort,No major diagnosed condition,Never,Sedentary,Occasional,6.4,False
b2ce5cad-c171-48bc-be07-aa1f5ccb0690,72ec79e1-f015-49e3-bc68-b6a121169ead,BD-SYN-000721,69,Male,Khulna,False,False,False,False,False,False,False,False,,,135,81,172.4,76.7,25.8,81,97.4,260.8,13.8,0.87,Normal,Increased thirst;Frequent urination,No major diagnosed condition,Regular,Sedentary,Never,7.2,False
d0fb1fea-d292-4c3b-af5e-892de751e0b5,81432032-5651-44df-afcc-46db372ce9e4,BD-SYN-000722,79,Female,Rajshahi,False,True,True,False,True,False,False,False,,4,123,69,163.5,70.0,26.2,77,167.5,215.2,14.1,1.01,Sinus bradycardia,Fatigue,Diabetes mellitus,Never,Sedentary,Never,7.5,False
b438c618-cc35-42b7-9548-ed3edf0ecff0,08c3bdfa-0dbc-4432-8c38-3773a45f4b9e,BD-SYN-000723,19,Male,Jessore,False,False,True,False,False,False,False,False,,,101,82,166.7,61.1,22.0,71,75.1,153.3,16.0,1.2,Normal,Dizziness;Headache,No major diagnosed condition,Occasional,Active,Never,6.2,False
dfd78d44-6a03-46c7-9c50-e2959c6f07c2,934ec36d-d57a-472b-aa94-28a88883b385,BD-SYN-000724,42,Male,Narsingdi,False,True,False,False,True,True,False,False,,,152,90,166.9,78.0,28.0,71,151.1,183.6,13.9,1.09,Normal,Shortness of breath,Diabetes mellitus; Hypertension,Never,Sedentary,Never,8.7,True
7e0edd70-9cec-4e6f-9095-3ce31f2a2d58,fbfa0ca2-afe7-4cb1-8d8a-27d1bc85af1c,BD-SYN-000725,32,Male,Netrokona,True,False,False,False,False,False,False,False,,,116,74,165.7,69.2,25.2,72,111.1,271.1,10.7,0.98,Normal,Palpitations,No major diagnosed condition,Never,Moderate,Never,5.1,False
ade5f3ae-f95f-4ca5-905c-c89d0dfe81cd,734e02dc-d1b6-4732-8fc7-afb6f3f45c1b,BD-SYN-000726,30,Male,Tangail,False,False,False,False,False,False,False,False,,,110,71,173.6,75.3,25.0,82,89.5,197.6,13.2,0.97,Normal,Dizziness,No major diagnosed condition,Never,Moderate,Never,6.8,True
d2bc2162-3a20-45bb-a6bd-ede627c1d952,47427971-0d91-4b95-a84f-9febd9111656,BD-SYN-000727,58,Male,Panchagarh,False,False,False,False,False,False,False,False,,,120,75,166.1,50.2,18.2,73,115.6,164.8,13.4,1.1,Normal,Increased thirst;Frequent urination,No major diagnosed condition,Occasional,Sedentary,Never,6.6,True
bd2ab1ec-c532-474b-a068-2fdf40951c82,56a5646a-fd84-42cc-80c5-0f97bc525fde,BD-SYN-000728,60,Male,Sunamganj,False,False,False,False,False,False,False,False,,,125,79,171.0,83.0,28.4,64,103.2,201.1,11.0,0.69,Normal,Shortness of breath,No major diagnosed condition,Never,Active,Never,7.2,True
ce7ff796-b64f-44eb-bca3-1459847e8219,b963b878-5fb1-47b3-b923-ae715a8a9093,BD-SYN-000729,24,Male,Patuakhali,True,False,False,True,False,True,False,False,Food,,145,89,163.8,53.1,19.8,80,110.5,155.1,13.9,1.16,Normal,None,Hypertension,Never,Light,Never,4.5,False
54d5100d-9cab-4387-ba7b-a35ebe6f7b52,28bc2812-adde-4b9d-b8c3-7147ac68835f,BD-SYN-000730,65,Female,Shariatpur,True,False,False,False,False,False,False,False,NSAIDs,1,129,80,152.9,51.4,22.0,73,116.8,152.1,12.1,0.67,Normal,Poor sleep,No major diagnosed condition,Never,Light,Never,5.8,False
ead35997-11a4-43cb-8075-c691a69b17f5,479a917b-dd8d-4a8e-93e4-af487287c5bc,BD-SYN-000731,66,Female,Chattogram,False,False,False,False,False,False,True,False,Dust,2,119,88,146.9,59.3,27.5,85,89.3,286.9,13.4,0.62,Normal,Back pain,Cardiovascular disease,Never,Active,Never,7.4,True
6006bd83-d9b3-43ab-9b64-86188ce1f943,080ae12d-036f-4e03-acf7-661446f5793a,BD-SYN-000732,78,Female,Sylhet,False,False,False,False,False,False,True,False,Pollen,4,136,63,158.7,59.7,23.7,71,81.8,163.3,11.8,0.78,Nonspecific ST-T changes,Palpitations,Cardiovascular disease,Never,Sedentary,Never,6.2,False
72c8d96e-cdf5-47fb-880c-222b41c3ec78,8d75058e-a209-40d7-8cd5-bece870037c3,BD-SYN-000733,35,Male,Dinajpur,False,True,True,False,False,False,False,False,Dust,,102,73,162.3,57.7,21.9,80,85.7,195.6,13.5,1.16,Normal,Poor sleep,No major diagnosed condition,Never,Sedentary,Occasional,6.6,True
c46a031d-d138-47d4-a1df-d0c1c62a51e6,a2af5751-5daf-45c8-9526-89c632c841de,BD-SYN-000734,35,Female,Natore,False,False,False,False,False,True,False,False,,0,138,84,155.7,59.9,24.7,89,95.0,196.5,12.6,0.94,Nonspecific ST-T changes,Shortness of breath,Hypertension,Never,Moderate,Never,7.4,True
00c77be9-57d8-48e5-9cee-1638eec32c82,7e099300-803c-488a-8f65-e7f9f956aa0d,BD-SYN-000735,75,Female,Natore,True,False,False,False,False,True,False,False,,4,115,83,157.0,58.2,23.6,50,101.9,228.4,12.2,0.67,Normal,Fatigue;Headache,Hypertension,Occasional,Sedentary,Never,6.4,False
feb6d154-da7b-43e3-9186-994b76e7bad6,57054f0c-4724-4852-9ac2-061a2d4847ba,BD-SYN-000736,26,Female,Khulna,False,False,False,False,False,False,False,False,,0,113,85,154.1,58.4,24.6,64,71.2,159.0,12.8,0.95,Nonspecific ST-T changes,Joint pain,No major diagnosed condition,Never,Light,Never,8.0,True
b3872efd-a761-4c17-a60d-6a3d51a7ff27,f487d059-901a-425a-a5c2-b77605c7818e,BD-SYN-000737,80,Male,Gopalganj,False,True,False,False,False,True,True,False,,,139,82,170.0,57.8,20.0,75,72.7,231.4,14.5,0.91,Normal,Fatigue,Hypertension; Cardiovascular disease,Regular,Sedentary,Never,6.4,False
fd99855b-f821-4158-8824-06afadd45cd3,746b4c8c-3362-45a4-b88f-3726b7bb4d4b,BD-SYN-000738,28,Female,Mymensingh,False,True,True,True,False,False,False,False,Penicillin,2,112,79,149.6,53.0,23.7,73,95.3,172.2,12.9,0.53,Normal,Back pain,No major diagnosed condition,Never,Light,Never,6.8,True
c163cab6-1bd1-4158-8c6a-f24cd720f2ea,2122aaf3-026a-4aa0-98bb-4885e0d64910,BD-SYN-000739,21,Male,Bagerhat,False,False,False,False,False,False,False,False,,,102,66,167.5,64.5,23.0,65,90.7,215.0,13.4,0.94,Normal,Poor sleep,No major diagnosed condition,Occasional,Moderate,Never,7.5,True
8c428883-91e2-4d83-b478-5f8686121897,a2c81cfe-607a-4ff4-a6f1-3bc1aa5d5703,BD-SYN-000740,75,Male,Gaibandha,False,True,False,False,False,True,True,False,,,147,79,168.1,78.6,27.8,75,112.4,211.1,14.0,0.96,Nonspecific ST-T changes,Frequent urination,Hypertension; Cardiovascular disease,Former,Moderate,Never,5.9,False
484915c9-8657-417b-b305-e98d564b43fb,cad02882-1e1d-4f7a-bbe2-8cadc00d9f42,BD-SYN-000741,32,Female,Pirojpur,False,False,False,True,False,False,False,False,Dust;Pollen,2,121,77,162.6,63.7,24.1,81,88.7,218.3,13.1,0.94,Normal,Dizziness;Headache,No major diagnosed condition,Never,Moderate,Never,7.2,True
cc79442a-06e9-4df8-87a8-39deffb929ac,4bd05fae-6bd3-44fd-8a0e-6f7738dd2d68,BD-SYN-000742,78,Male,Sunamganj,False,True,False,False,False,False,False,False,Food,,132,75,164.0,86.1,32.0,86,115.1,235.9,15.2,0.93,Nonspecific ST-T changes,Frequent urination,Obesity,Never,Sedentary,Never,5.5,False
cc5943ef-7d6f-4669-ab03-141bf15b1961,aa196dc6-87af-4882-b53e-cc3f1c8a571a,BD-SYN-000743,59,Female,Sunamganj,True,True,False,False,False,False,False,False,,3,117,91,159.3,69.0,27.2,73,110.3,153.3,10.6,0.9,Normal,Increased thirst;Frequent urination,Elevated blood pressure,Never,Active,Never,7.3,False
de82789c-ac38-4b99-8c58-64f7748ca5be,b51fece3-3f3e-4413-bfe9-714f75d7dae6,BD-SYN-000744,59,Male,Gaibandha,False,False,False,False,False,False,False,False,,,106,77,168.9,85.3,29.9,76,86.0,216.2,14.5,1.23,Nonspecific ST-T changes,Headache,No major diagnosed condition,Never,Moderate,Regular,6.2,False
e9a689b2-d6b2-49a8-b1e9-7455ea71b552,3eb8fde9-ea9d-4e21-9cf3-80183051a640,BD-SYN-000745,48,Male,Kishoreganj,False,True,False,False,False,False,False,False,,,98,73,179.1,99.4,31.0,78,106.3,236.6,13.9,1.05,Normal,Frequent urination,Obesity,Never,Sedentary,Never,7.5,False
f3669134-7750-401f-ac12-d955278536b1,cfe66cd0-6fe5-49f8-b54c-23a8b286a351,BD-SYN-000746,70,Male,Lakshmipur,False,True,False,False,False,False,False,False,,,113,83,170.0,61.0,21.1,73,99.6,174.2,14.4,1.05,Normal,Dizziness;Headache,No major diagnosed condition,Never,Active,Occasional,6.9,True
2d964c6b-d4c0-463c-a43f-5d75c6ad292f,4de074d7-0102-4e08-ae51-b69b784e6791,BD-SYN-000747,23,Female,Netrokona,False,True,False,False,False,False,False,False,,2,131,82,155.7,47.0,19.4,76,72.6,245.0,13.7,0.79,Normal,Joint pain,No major diagnosed condition,Never,Sedentary,Never,6.2,False
3b223126-dc1b-46f5-97ef-aec2dd9ad0ab,1ac1cb9e-3fbb-4e86-ae40-24695a5fea6d,BD-SYN-000748,37,Male,Dinajpur,False,False,False,False,False,False,False,False,Penicillin,,115,74,161.7,85.2,32.6,74,97.9,199.2,13.6,0.96,Normal,Palpitations,Obesity,Never,Moderate,Never,6.9,True
1c18a2d5-089c-456d-aa52-098c1cd55f6a,024c03b5-86e4-42a0-8bc4-317c0236b46d,BD-SYN-000749,35,Male,Munshiganj,False,True,False,False,False,False,False,False,Pollen,,93,79,163.3,52.3,19.6,70,85.9,150.2,13.2,0.96,Normal,Fatigue;Headache,No major diagnosed condition,Regular,Sedentary,Never,6.6,True
1a7eb74b-716e-40d2-8b77-d096a911d273,028a9e67-50e0-4dc1-8156-c34a7eff7211,BD-SYN-000750,64,Female,Faridpur,False,False,False,False,False,False,False,False,,4,92,68,149.1,45.1,20.3,56,115.2,199.6,12.9,0.71,Normal,Headache,No major diagnosed condition,Never,Sedentary,Never,5.0,False
82eb9fc4-9d36-4462-b508-59824d4bdccf,5314842f-f4b7-4e52-97bd-b165f819befb,BD-SYN-000751,23,Male,Narsingdi,True,False,False,False,False,False,False,False,Dust,,131,79,164.8,74.7,27.5,77,99.6,209.7,14.8,1.03,Normal,Dizziness;Headache,No major diagnosed condition,Never,Sedentary,Never,6.8,True
4847aeee-a8a5-416c-8650-34450dad0aac,f4bfc3e9-7902-4279-8151-7a8afe9af5cd,BD-SYN-000752,28,Male,Natore,False,True,False,False,False,False,False,False,,,119,88,158.0,63.2,25.3,62,77.1,143.2,14.1,1.19,Sinus bradycardia,Frequent urination,No major diagnosed condition,Never,Light,Never,7.9,True
4026504d-52f3-46ab-9620-4567fd31a27d,42b3caec-7c98-48a9-8b4b-9e8bb65d474f,BD-SYN-000753,64,Female,Kushtia,False,True,False,True,False,True,False,False,,5,158,86,157.8,87.9,35.3,70,122.9,197.5,13.2,0.79,Normal,Shortness of breath,Hypertension,Former,Light,Never,7.4,False
ab4b9d58-362d-4d3c-a8d5-ec24d81cd39e,f5a5c6e2-809b-475e-b46b-b39098984a31,BD-SYN-000754,29,Female,Chattogram,False,False,False,False,False,False,False,False,,2,121,78,158.4,62.2,24.8,75,111.8,182.2,13.0,0.7,Normal,Headache,No major diagnosed condition,Never,Light,Never,6.6,True
7acf43e4-1473-4d26-86c3-dbc0a8f981a9,663dbbd8-ce70-4076-aac6-76640d5e4de2,BD-SYN-000755,42,Female,Sirajganj,False,True,False,False,False,False,False,False,,2,113,68,152.3,45.0,19.4,80,84.2,198.3,13.2,1.04,Normal,Back pain,No major diagnosed condition,Never,Light,Never,7.4,True
a0017a77-e32f-4160-9062-ef1700bc8b36,dda4bf08-dc00-43fd-9752-53211f3605b8,BD-SYN-000756,27,Female,Mymensingh,False,False,False,True,False,False,False,False,NSAIDs,0,125,77,140.1,59.1,30.1,76,98.7,171.3,13.0,0.86,Normal,Frequent urination,Obesity,Never,Sedentary,Never,5.3,False
e45d4bd8-942f-491a-9ceb-da390b7e6f52,38f1d307-a71c-40d4-b52b-d98e070022a8,BD-SYN-000757,21,Female,Patuakhali,False,False,False,False,False,False,False,False,Dust;Pollen,1,123,81,148.6,57.6,26.1,67,97.2,155.4,12.0,0.7,Normal,Increased thirst;Frequent urination,No major diagnosed condition,Never,Light,Never,5.6,False
5ec7a89c-a77f-48e0-9b42-891dc3b23f2d,248c5b0f-d313-40a1-a178-d7f341d8cd11,BD-SYN-000758,42,Male,Jhalokathi,True,False,False,False,False,False,False,False,Dust;Pollen,,116,77,174.7,61.7,20.2,82,72.6,206.4,14.9,1.15,Normal,None,No major diagnosed condition,Never,Moderate,Never,5.2,False
6c4b558e-726a-4fd3-81de-d85f251920b1,6d7f5cf1-1fce-4ff5-84df-398bba3fc942,BD-SYN-000759,32,Female,Netrokona,True,False,False,False,False,False,False,False,,4,127,74,149.6,61.3,27.4,76,73.6,241.5,11.8,0.45,Sinus bradycardia,Increased thirst,No major diagnosed condition,Never,Sedentary,Regular,8.0,False
416ad135-d4c0-4692-94b9-b252efab98df,2a66ec2e-4f71-4403-820f-452d5ad2e80a,BD-SYN-000760,70,Male,Tangail,True,False,False,False,False,False,False,False,,,110,74,163.1,76.3,28.7,84,67.2,179.9,13.0,1.08,Normal,Dizziness,No major diagnosed condition,Never,Sedentary,Never,7.4,False
a52e03e6-2751-41d1-a658-53e76759df18,9c19f6dd-e6f8-47a2-a78a-1099216cef80,BD-SYN-000761,24,Male,Khulna,True,False,False,False,False,False,False,False,Pollen,,120,73,179.7,71.0,22.0,81,67.3,170.9,13.7,0.94,Normal,Fatigue,No major diagnosed condition,Never,Sedentary,Never,8.5,True
099350b0-8db2-4cd8-aecb-a7f7d0190c46,e10556a6-a00c-46bc-814f-cc9081b242f8,BD-SYN-000762,29,Female,Comilla,True,False,False,False,False,False,False,False,Dust;Pollen,3,129,72,171.1,60.0,20.5,68,94.3,164.4,11.7,0.45,Normal,Back pain,No major diagnosed condition,Regular,Sedentary,Never,6.1,False
d00c5bc5-8a15-4d79-8d45-8be5a42d251c,555e1bd4-7f79-4d91-847b-986dbea2f940,BD-SYN-000763,31,Male,Narail,False,True,False,False,False,False,False,False,,,121,81,160.7,60.4,23.4,76,92.8,171.7,13.7,0.73,Normal,Dizziness;Headache,No major diagnosed condition,Never,Moderate,Occasional,6.7,False
2866423d-6760-4b62-9eff-b00404d7ce26,a95932ee-ab03-4528-bfdb-a025a33125ce,BD-SYN-000764,80,Male,Chattogram,False,False,False,False,False,True,False,False,Pollen,,144,92,175.2,71.5,23.3,87,93.1,258.0,14.2,0.92,Normal,Back pain,Hypertension,Never,Sedentary,Never,7.5,False
cd228418-fe52-4f81-9e7e-42711b1317ee,163b359b-ecae-4932-8489-fe4d1d68c250,BD-SYN-000765,75,Female,Faridpur,False,True,True,True,False,False,False,False,,3,109,77,160.1,73.1,28.5,85,78.2,231.2,12.6,0.88,Sinus tachycardia,Palpitations,No major diagnosed condition,Never,Moderate,Never,6.8,False
4f321fd6-78af-436b-984a-5a80a2ad47f8,90227d37-fb4f-4d54-aa2e-c7dc236242f6,BD-SYN-000766,54,Female,Lakshmipur,True,True,True,False,False,False,False,False,NSAIDs,3,122,85,154.3,80.2,33.7,62,136.7,182.6,10.6,0.5,Normal,None,Obesity,Never,Moderate,Never,4.6,False
a04374bd-f9a9-4f74-a5fd-a94de4bfc38e,b5f47e07-8b11-48c5-af85-b9a3c9c78e89,BD-SYN-000767,24,Female,Chapainawabganj,False,False,False,False,False,False,False,False,,0,105,71,147.6,53.8,24.7,86,110.3,163.8,13.4,0.79,Normal,Joint pain,No major diagnosed condition,Never,Light,Never,6.3,False
18a2c7c5-50c5-4a59-be7f-77e3a0d4fff2,0d2816f6-8c74-4a65-9b7e-4ac6f3d3e7ba,BD-SYN-000768,34,Female,Nilphamari,False,False,False,False,False,True,False,False,,2,144,97,155.7,62.8,25.9,69,78.2,170.6,10.7,0.97,Normal,Dizziness;Headache,Hypertension,Regular,Moderate,Never,6.2,False
0e683ba1-4003-49e6-871f-0d5c937fd5ae,ba0fb065-c790-4e4d-979f-8a0677090a76,BD-SYN-000769,20,Female,Natore,False,True,False,False,False,False,False,False,,0,118,86,148.0,51.5,23.5,69,112.1,214.5,11.0,0.72,Normal,Chest discomfort,No major diagnosed condition,Never,Sedentary,Never,6.4,False
585b3aec-9456-4ed3-8bda-546c84f64970,2f452c12-7d20-430f-9d7b-dc0a27671d94,BD-SYN-000770,55,Female,Barishal,False,True,False,False,False,True,True,False,,4,135,82,156.5,77.2,31.5,78,79.4,221.3,10.6,0.79,Sinus tachycardia,Headache,Hypertension; Cardiovascular disease,Never,Light,Never,8.4,False
7c68f184-79ff-4e4a-9d0e-d99c5de121d0,13b7eb2c-610c-46a2-a1e5-1b2a9c967e48,BD-SYN-000771,56,Female,Nilphamari,False,False,False,False,False,False,False,False,,3,112,73,156.9,55.6,22.6,80,102.0,147.7,13.5,0.76,Sinus tachycardia,Chest discomfort,No major diagnosed condition,Never,Light,Never,9.5,False
f4726eaf-ae0d-4470-a5e6-d56a1c8ba00a,852b37ae-c48c-47d2-a879-6488985c2ae8,BD-SYN-000772,48,Female,Nilphamari,False,True,False,False,False,True,False,False,,2,146,87,155.3,77.7,32.2,75,95.7,188.3,12.8,0.88,Normal,None,Hypertension,Never,Sedentary,Never,8.3,True
11735d6b-dc3b-424b-b637-ba651b2c6bd3,0943bb17-5228-4672-b232-2bdf1194a5f2,BD-SYN-000773,25,Male,Chandpur,False,False,False,False,False,False,False,False,Dust,,101,68,162.7,74.1,28.0,82,90.6,180.6,15.2,0.9,Normal,Increased thirst,No major diagnosed condition,Never,Sedentary,Occasional,7.8,False
492e6d50-6e52-4497-8f9b-e7462c0bee60,1a2904be-35ee-4c3d-9522-fde1dd1ea787,BD-SYN-000774,55,Male,Chandpur,False,False,True,False,False,False,False,False,,,128,69,166.0,72.5,26.3,78,103.6,182.7,12.6,0.82,Normal,Dizziness;Headache,No major diagnosed condition,Never,Sedentary,Never,4.6,False
ccc63c49-c47d-4f5f-849f-0ea95b7677b2,5f14de52-906e-48bd-9dd6-98d4143d181b,BD-SYN-000775,70,Female,Brahmanbaria,True,False,True,False,False,True,True,False,Pollen,3,145,102,155.3,59.6,24.7,74,72.6,175.7,12.4,0.9,Sinus bradycardia,Palpitations,Hypertension; Cardiovascular disease,Never,Moderate,Never,7.3,True
d7b4e6ae-d049-4ffe-a0b9-a542974a3476,84f7d6a1-1d0c-44df-9932-0afd3802512f,BD-SYN-000776,49,Female,Cox's Bazar,True,False,False,False,False,True,False,True,,3,155,89,153.8,69.5,29.4,71,77.4,203.7,13.0,0.84,Nonspecific ST-T changes,Chest discomfort,Hypertension; History of stroke,Never,Light,Never,8.0,True
c718eccb-e799-455e-a44a-19b058e7e0f5,5d4b3fbf-b883-4848-9054-9c309390e47f,BD-SYN-000777,69,Male,Thakurgaon,True,False,False,False,False,False,True,False,,,124,70,179.3,79.4,24.7,68,116.4,202.3,14.1,1.02,Nonspecific ST-T changes,Chest discomfort,Cardiovascular disease,Never,Sedentary,Never,6.4,False
677d20c1-1c33-478e-97b9-3baadcb414a9,84d19fea-1b65-467d-9414-da385e8b5d03,BD-SYN-000778,64,Female,Feni,False,True,False,False,True,False,False,False,,4,100,60,159.6,47.6,18.7,69,140.8,167.7,13.0,0.98,Normal,Fatigue,Diabetes mellitus,Never,Light,Never,6.7,False
fff6a146-af26-49ea-bbc6-cb725d227bb7,978efd47-78c6-428f-a643-1bab08468e91,BD-SYN-000779,21,Female,Natore,False,True,True,False,False,False,False,False,Food,0,110,78,151.5,46.6,20.3,80,109.9,187.6,13.7,0.77,Normal,Dizziness;Headache,No major diagnosed condition,Never,Light,Never,7.6,False
4cf1a575-e419-4b38-9889-14336157cc6b,d5e2b573-ccf8-4a79-a8b2-33fadc9f00df,BD-SYN-000780,56,Male,Pirojpur,True,False,False,False,False,False,False,False,Dust,,114,66,170.2,63.7,22.0,64,97.8,198.8,15.8,0.85,Nonspecific ST-T changes,Dizziness;Headache,No major diagnosed condition,Never,Sedentary,Never,5.7,False
9c58c020-9659-429d-aa7a-7f955a219e15,dadb03fc-2c7b-4fb4-87a8-b50e74b28526,BD-SYN-000781,78,Female,Thakurgaon,False,False,False,False,False,False,False,False,Pollen,2,117,71,158.2,70.6,28.2,64,93.6,185.1,13.3,0.52,Normal,Fatigue,No major diagnosed condition,Never,Sedentary,Never,7.6,True
07a1ccfb-6b1b-4ad9-8485-d80d876a4d67,7663ec75-330e-4c06-9419-1eb290b8220f,BD-SYN-000782,80,Male,Brahmanbaria,True,False,False,False,False,False,False,False,,,128,75,169.0,70.8,24.8,80,91.2,178.8,13.1,1.06,Normal,None,No major diagnosed condition,Never,Light,Never,7.6,True
c322df2b-dfbb-49a6-8022-f6fd6a2dfeee,13837165-6147-46f4-b461-9d4b3961ba6f,BD-SYN-000783,45,Female,Noakhali,False,False,False,False,False,False,False,False,Dust,2,111,81,165.4,49.8,18.2,73,115.1,167.6,13.4,0.87,Normal,Fatigue,No major diagnosed condition,Never,Moderate,Never,6.8,False
c19fdb5f-6309-409d-97b9-87cd6dcd5ff1,955e05eb-0c07-4f16-b95b-efb62b419976,BD-SYN-000784,72,Female,Bogura,False,False,False,False,False,False,False,False,,0,124,85,149.6,45.2,20.2,80,94.6,163.7,12.5,1.02,Sinus tachycardia,Fatigue,No major diagnosed condition,Never,Light,Never,7.6,False
5f9e474d-2784-4314-b02c-db89b679c3af,e1743ef6-fbef-4fb7-b037-572a943c1449,BD-SYN-000785,35,Male,Thakurgaon,False,False,False,False,False,False,False,False,Penicillin,,127,104,164.8,63.0,23.2,83,75.2,179.7,14.7,1.04,Normal,None,Elevated blood pressure,Never,Light,Never,7.3,False
50c03aa7-c889-4561-883b-96a478128b3b,cc0d3297-1cc9-4e7c-b164-133c025c9b95,BD-SYN-000786,44,Female,Satkhira,True,True,False,False,False,False,False,False,Dust,1,117,81,168.2,52.9,18.7,63,94.3,165.5,11.2,0.76,Normal,Poor sleep,No major diagnosed condition,Never,Active,Never,8.0,True
1bdccc47-32df-4dbc-b672-b7bcdd8a04e9,3772abbe-861b-4bf7-b245-f0b1acb47ceb,BD-SYN-000787,41,Male,Madaripur,True,False,False,True,False,False,False,False,Dust,,95,69,167.9,80.3,28.5,76,83.1,177.1,15.9,1.03,Normal,Shortness of breath,No major diagnosed condition,Never,Sedentary,Never,6.9,True
21e05363-2376-4372-ac52-f44ccb7c61ad,47116a37-2998-45af-96ec-19b311576080,BD-SYN-000788,78,Female,Narsingdi,True,False,False,False,False,True,False,False,,1,149,85,159.8,79.9,31.3,61,139.6,197.8,13.3,1.13,Normal,Shortness of breath,Hypertension,Never,Moderate,Never,4.3,False
0afb6a43-2fe8-4c94-a905-39502a4d53f8,81893a72-b690-4c80-b20d-8fc2f214933e,BD-SYN-000789,35,Female,Kurigram,False,False,False,False,False,False,False,False,,1,134,62,152.3,64.5,27.8,64,92.4,210.7,12.5,0.97,Nonspecific ST-T changes,Increased thirst,No major diagnosed condition,Never,Light,Never,7.6,False
814f3183-5dc4-498c-8e36-3f984ff4cba8,0057c571-0476-46a4-9c39-f61a3e5b2d84,BD-SYN-000790,26,Male,Naogaon,False,True,False,False,False,False,False,False,,,121,87,150,50.6,22.5,88,107.6,152.9,11.6,0.75,Sinus tachycardia,Frequent urination,No major diagnosed condition,Regular,Light,Never,6.4,False
9a8d14ca-b34a-4baa-9213-81c8cbd5a851,7b5affad-0a09-41c8-87ee-bd996219ec04,BD-SYN-000791,71,Male,Khulna,True,False,False,False,True,False,False,False,,,119,81,168.9,73.9,25.9,70,161.6,239.6,13.4,1.33,Normal,Palpitations,Diabetes mellitus,Never,Sedentary,Never,6.8,True
643f2ef6-9f71-49d3-a7aa-ab4f72cc648c,e4bd5eb9-cbb1-415e-8778-33d8d0c40a96,BD-SYN-000792,71,Male,Barishal,False,False,False,False,False,False,False,False,Dust;Pollen,,142,70,161.8,67.5,25.8,64,122.0,210.6,15.4,1.1,Nonspecific ST-T changes,Fatigue;Headache,Elevated blood pressure,Never,Sedentary,Never,5.7,False
dd2f32fe-0052-41bc-bc52-7ff13d8531f5,087c7aa1-54bb-4ebb-9649-6efa11780c8b,BD-SYN-000793,79,Female,Jamalpur,True,False,False,False,False,False,False,False,Food,3,121,85,159.4,58.7,23.1,63,114.3,157.9,12.8,0.89,Normal,Back pain,No major diagnosed condition,Never,Sedentary,Never,5.9,False
e919e122-3ec6-40ca-9b0b-4677721daf65,df32f52a-0973-42c9-8ff4-60b9c6f0993d,BD-SYN-000794,59,Female,Netrokona,True,False,False,False,False,False,False,False,,3,111,72,160.8,61.5,23.8,76,75.2,176.9,13.5,0.91,Sinus bradycardia,Frequent urination,No major diagnosed condition,Never,Sedentary,Never,7.8,True
321a4cd0-518f-47a9-911c-ee1128d0bec1,45f420f4-dfd2-4e99-9a73-351f8cacfc52,BD-SYN-000795,61,Female,Chapainawabganj,True,False,False,False,False,False,False,False,Pollen,2,125,81,168.7,82.0,28.8,70,86.2,235.6,12.3,0.83,Normal,Chest discomfort,No major diagnosed condition,Never,Sedentary,Never,6.7,False
76d9a237-c834-47cc-99bf-63aa0419031f,4bd98162-7259-4a05-bfc4-e254162e72ed,BD-SYN-000796,63,Female,Comilla,True,True,False,False,False,False,False,False,,3,141,71,157.7,63.2,25.4,84,113.7,260.4,10.7,0.64,Normal,Fatigue;Headache,Elevated blood pressure,Never,Light,Never,6.1,False
22ca780c-3a25-4e64-a7d6-ae6983f31cce,7339d45c-a808-4426-8a69-758160ec6190,BD-SYN-000797,78,Male,Narayanganj,False,False,False,False,False,False,False,False,,,122,90,171.3,57.2,19.5,72,104.7,171.7,11.9,0.92,Sinus tachycardia,Frequent urination,Elevated blood pressure,Occasional,Light,Never,8.6,True
5f5f830f-127a-4230-9c7e-8e6f8e2bab76,ef9f94bd-11e5-40d7-b613-5320e6744326,BD-SYN-000798,58,Male,Faridpur,False,False,False,False,False,True,False,False,,,145,83,161.5,52.7,20.2,75,95.8,254.6,13.0,1.11,Nonspecific ST-T changes,Headache,Hypertension,Never,Light,Never,7.0,True
c169c281-4611-4ffd-85a0-70ed6bc4ed82,3a35cc4c-e126-4260-a96c-6dab37d1186d,BD-SYN-000799,38,Female,Chattogram,False,False,False,False,False,False,False,False,,1,125,69,154.9,58.1,24.2,92,62.3,182.2,13.7,0.87,Normal,Joint pain,No major diagnosed condition,Never,Light,Never,7.1,False
422e1573-ed5f-4bd8-8f4c-cc50f177edfd,d3980650-9704-49c9-a210-18b0999bdd06,BD-SYN-000800,79,Male,Patuakhali,False,True,False,False,False,True,False,False,Dust,,139,79,169.9,67.8,23.5,68,78.1,273.8,14.3,1.2,Normal,Chest discomfort,Hypertension,Never,Light,Never,9.1,True
6f4e318f-e368-4759-bae0-e3eeaa038916,2654841e-a797-4552-9b58-01c4dba93f47,BD-SYN-000801,24,Female,Kushtia,True,False,False,False,False,False,False,False,Dust;Pollen,0,120,75,156.9,59.6,24.2,68,80.1,179.6,12.9,0.77,Normal,Increased thirst;Frequent urination,No major diagnosed condition,Never,Sedentary,Never,5.9,False
537c7e1c-50b8-494e-90dd-6b7805d22686,a40f8439-d111-4e9e-b2bc-61267f7de0de,BD-SYN-000802,33,Female,Kishoreganj,False,False,False,True,False,False,False,False,,0,103,80,149.3,49.3,22.1,74,74.6,205.4,12.4,0.87,Normal,Shortness of breath,No major diagnosed condition,Never,Active,Never,6.7,True
4c434186-47ff-4469-aa0e-b8703082b462,4a5e90fc-8b79-420b-87d2-3e448f224875,BD-SYN-000803,30,Female,Moulvibazar,True,False,False,False,False,True,False,False,,2,141,99,146.8,64.2,29.8,69,104.4,209.2,13.5,0.91,Normal,Joint pain,Hypertension,Never,Sedentary,Never,7.5,True
aa54f138-9501-4643-ac59-6b692a68f125,c0d35c45-ea2b-45b1-9571-58cd9981a73a,BD-SYN-000804,52,Male,Chattogram,False,False,False,False,False,False,False,False,,,102,78,181.7,70.7,21.4,87,81.6,201.3,14.6,0.92,Normal,Shortness of breath,No major diagnosed condition,Never,Light,Never,5.9,False
1a575f00-1f4a-4175-a62e-d7dad34d1baa,b8ce4a07-3806-4289-bf36-fd710940c64d,BD-SYN-000805,46,Female,Tangail,True,True,False,False,True,False,False,False,NSAIDs,3,127,74,154.7,57.9,24.2,77,113.9,250.2,12.1,0.57,Nonspecific ST-T changes,Increased thirst;Frequent urination,Diabetes mellitus,Never,Light,Never,7.8,False
aad070e4-8a7b-4412-8775-c93fb504afb1,13d185e2-7e52-428d-bea0-f7d26a74d3af,BD-SYN-000806,20,Male,Narsingdi,False,False,False,False,False,False,False,False,,,114,82,160.6,69.1,26.8,85,81.4,198.5,14.6,1.07,Normal,Dizziness,No major diagnosed condition,Never,Light,Never,7.6,True
a308a0b9-be64-461c-8124-99f1b19ea651,c231fe67-a957-48e1-bed5-84dba6d1d2c6,BD-SYN-000807,45,Male,Netrokona,True,False,False,False,False,True,False,False,Dust,,116,80,167.4,82.1,29.3,85,136.3,165.9,14.8,0.95,Normal,Chest discomfort,Hypertension,Never,Sedentary,Never,7.0,True
c3319666-849f-4c63-9ab2-51f79da78237,5cc80812-d361-4dd5-8b7e-e7dd66be411c,BD-SYN-000808,56,Female,Jessore,False,False,False,True,True,False,False,False,,4,132,77,152.9,59.8,25.6,70,182.9,200.5,12.8,0.88,Normal,Shortness of breath,Diabetes mellitus,Never,Light,Never,6.4,False
e33cd6d5-78a3-4473-886e-2dd2b8515a3d,e3477757-5d9b-48da-acfa-59f2e9e4ff87,BD-SYN-000809,34,Female,Khulna,False,False,False,False,False,False,False,False,,1,127,76,151.1,45.0,19.7,76,70.9,161.9,12.8,0.99,Normal,Dizziness,No major diagnosed condition,Never,Light,Never,8.0,True
95ea40e7-9fb1-445c-9c4a-9fa7f5e09515,8c1887d6-2b44-4605-bb6c-85c047ad26a8,BD-SYN-000810,70,Female,Brahmanbaria,True,True,True,False,False,False,False,False,,4,117,83,151.7,54.8,23.8,78,89.3,170.8,13.1,0.56,Normal,Dizziness,No major diagnosed condition,Never,Moderate,Never,5.1,False
d085094b-4241-44b1-97b5-539be5b94178,883de84e-1115-41d0-9349-08821adfe10e,BD-SYN-000811,58,Female,Netrokona,False,True,True,False,False,False,False,False,,4,111,87,164.7,54.0,19.9,75,102.9,186.2,12.7,0.54,Nonspecific ST-T changes,Palpitations,No major diagnosed condition,Never,Light,Never,7.8,True
1dfc3451-0b2c-4283-9c0f-ebf2bfe33013,c234c1b1-8370-44a8-a02d-587e9361c70d,BD-SYN-000812,69,Female,Kurigram,False,True,False,True,False,True,False,False,,0,162,84,160.2,71.3,27.8,73,76.3,174.2,9.5,0.67,Normal,None,Hypertension,Never,Moderate,Never,6.2,False
09c09532-19b6-4573-9cdf-a5949a3fdb6b,e276bf23-2c39-4974-a198-604dbcaeefa6,BD-SYN-000813,72,Male,Dhaka,False,False,False,False,True,True,False,False,Penicillin,,141,84,158.8,78.4,31.1,69,158.8,228.8,13.8,1.23,Normal,Palpitations,Diabetes mellitus; Hypertension,Never,Light,Never,6.1,False
4d64d253-77ce-4d60-bd08-4c7ae6238381,8b4631e1-5eac-48da-8cf0-47b9e4f3a560,BD-SYN-000814,80,Male,Patuakhali,False,False,True,True,False,False,True,False,,,120,68,169.0,52.3,18.3,70,114.4,187.0,13.7,1.29,Nonspecific ST-T changes,Back pain,Cardiovascular disease,Never,Sedentary,Never,6.3,False
83689489-7c57-4616-bd12-93c717ead5fd,61fbcf3e-3d1b-43b1-bc00-48d78cd2f9d5,BD-SYN-000815,32,Male,Feni,False,False,False,False,False,False,False,False,Dust,,129,75,167.9,63.4,22.5,73,68.6,210.9,16.6,0.96,Normal,Increased thirst,No major diagnosed condition,Never,Light,Never,5.9,False
c5ef974c-fe20-4ec9-b512-eec28ddbe579,a03ced98-dbeb-46a7-8605-97b113bcbc9f,BD-SYN-000816,59,Male,Patuakhali,False,False,False,False,False,False,False,False,,,116,79,172.5,76.2,25.6,74,104.7,185.1,14.4,0.91,Normal,Palpitations,No major diagnosed condition,Never,Moderate,Never,6.6,True
585c508d-c7e6-4cdc-8517-0cabe3d262e3,2a0ec2aa-65fe-43a8-afd5-810965e591ad,BD-SYN-000817,48,Female,Lalmonirhat,True,False,False,False,False,False,False,False,,3,100,90,148.6,45.3,20.5,74,90.1,223.9,13.1,0.85,Normal,Palpitations,Elevated blood pressure,Never,Sedentary,Never,6.0,False
fc33b107-37d2-42fb-87d0-3a5ead78c558,cf1396ba-541c-4501-b43d-c3a2c44d41f9,BD-SYN-000818,43,Female,Jhenaidah,False,False,False,False,False,False,False,False,Food,4,126,78,161.8,67.0,25.6,70,100.9,203.6,12.7,0.81,Normal,Dizziness,No major diagnosed condition,Regular,Moderate,Never,7.5,True
956ea6d1-6ce0-4e23-90d2-39e5a5c9d703,9d931100-a760-4527-8cf4-62740d696d4f,BD-SYN-000819,36,Male,Shariatpur,False,False,True,False,False,False,False,False,Dust,,119,76,175.6,71.5,23.2,73,66.6,206.7,15.8,0.95,Normal,None,No major diagnosed condition,Never,Sedentary,Never,5.6,False
89723571-0e64-4cf3-ac47-c76a50078889,92b6f05a-8263-4f4c-8270-316184f5e726,BD-SYN-000820,72,Male,Manikganj,False,True,False,False,False,False,False,False,Dust,,137,68,167.0,86.2,30.9,69,123.7,150.8,13.3,0.86,Normal,Shortness of breath,Obesity,Never,Light,Never,7.3,True
7d10031d-4a9f-4e57-8eae-84f1fb6880a8,7bcc2c11-a5c3-4cd4-b5b7-6c65c3e92d47,BD-SYN-000821,69,Female,Chattogram,True,True,False,False,True,False,False,False,,2,106,72,159.9,71.8,28.1,73,138.2,205.3,12.2,1.0,Normal,Frequent urination,Diabetes mellitus,Never,Sedentary,Never,6.1,False
00cc64aa-127e-4ebc-9c82-6f2a3c2f47aa,9518de92-92c8-4d71-b905-dcf843675a9d,BD-SYN-000822,37,Male,Jamalpur,False,False,False,False,False,False,False,False,,,121,74,156.3,42.3,17.3,71,124.7,212.7,13.9,0.83,Normal,Joint pain,No major diagnosed condition,Never,Light,Never,6.9,True
94965644-743a-4b0d-a764-ad95102695a5,21812e56-4bf3-4177-a831-aacac712b901,BD-SYN-000823,28,Female,Chandpur,True,True,False,False,False,False,False,False,,1,132,74,157.4,59.5,24.0,99,108.4,185.7,12.2,0.88,Normal,Poor sleep,No major diagnosed condition,Never,Sedentary,Never,7.4,False
e85e0ebe-f459-4eb2-a9ad-404b530545e2,ac684d1f-f7d2-4221-9824-08d3b19493eb,BD-SYN-000824,37,Female,Barishal,False,False,False,False,False,True,False,False,Dust;Pollen,3,117,92,156.6,71.4,29.1,78,106.4,163.9,14.3,0.9,Nonspecific ST-T changes,Back pain,Hypertension,Never,Sedentary,Never,5.9,False
dd1f0d56-2d0a-456d-9f6b-af0090022ccb,96f79c3f-7093-45b4-8c1e-78cad11ce2ee,BD-SYN-000825,48,Female,Patuakhali,True,False,False,False,False,False,False,False,,4,123,68,156.2,53.4,21.9,78,85.3,204.9,11.2,0.74,Normal,Back pain,No major diagnosed condition,Never,Moderate,Never,5.8,False
642e06a3-ffc5-42a9-8bdb-498a2c586d20,3c88fb7e-6c03-4dd8-983c-b77b2465cc6b,BD-SYN-000826,37,Male,Pirojpur,True,False,True,False,False,False,False,False,NSAIDs,,139,77,170.0,70.5,24.4,67,66.6,172.1,13.1,1.28,Normal,Frequent urination,No major diagnosed condition,Never,Sedentary,Never,6.8,True
7a849acf-1c20-459e-b072-c7b5689c0e73,2851690e-b14c-4668-897f-1d97c841eb97,BD-SYN-000827,66,Male,Faridpur,False,False,False,False,False,False,True,False,Pollen,,119,77,171.5,72.4,24.6,72,94.2,192.3,15.6,0.94,Nonspecific ST-T changes,Shortness of breath,Cardiovascular disease,Never,Sedentary,Never,7.2,False
ead40d9e-9296-43c4-9597-f78bbff4c4c1,5b11a464-5dc7-458b-9135-6f1572ee0ab6,BD-SYN-000828,79,Male,Rajshahi,False,False,False,False,False,True,False,False,,,134,81,175.3,67.6,22.0,75,127.9,190.3,14.2,0.95,Abnormal,Increased thirst;Frequent urination,Hypertension,Never,Light,Never,8.0,True
bb4a0fdc-8140-43bb-b5fe-d772dd1904c5,f7cd347d-be09-4383-9901-022c781f49ae,BD-SYN-000829,41,Male,Noakhali,False,False,False,False,False,False,False,False,,,112,80,169.6,52.1,18.1,85,95.3,158.5,16.0,0.87,Normal,Shortness of breath,No major diagnosed condition,Never,Light,Never,7.5,True
725ac0c3-fa00-41c2-8ec0-0249c5ef564c,9f0ed048-69db-4da9-bb3a-07fd4015bff1,BD-SYN-000830,50,Female,Netrokona,False,True,False,False,False,False,False,False,NSAIDs,1,103,77,157.0,63.6,25.8,65,79.5,113.7,12.3,0.72,Normal,Dizziness;Headache,No major diagnosed condition,Never,Sedentary,Never,6.6,True
155a2901-8d82-4377-85cb-6252d140eca2,9909dbfc-c3e6-4f3c-9984-5fbe340a4929,BD-SYN-000831,23,Male,Pirojpur,True,False,False,True,False,False,False,False,Food,,95,68,174.5,70.6,23.2,82,83.7,161.5,14.2,0.95,Normal,Joint pain,No major diagnosed condition,Regular,Moderate,Never,6.9,True
5af40fd9-f561-4ce0-9c69-208b62364d20,a3f9e051-41d1-47f8-96b2-fecc602df1b0,BD-SYN-000832,69,Female,Brahmanbaria,False,True,False,False,True,True,False,True,Food,4,137,109,167.0,70.3,25.2,72,153.6,228.9,11.6,0.64,Normal,Increased thirst;Frequent urination,Diabetes mellitus; Hypertension; History of stroke,Never,Light,Never,6.7,True
f14cf46e-6c56-4cc1-be57-d8bf25c6e4cf,5a1f80d8-aa36-41a8-aa0d-e58305f470f3,BD-SYN-000833,54,Female,Kushtia,False,False,False,False,False,False,False,False,NSAIDs,5,138,88,151.1,59.1,25.9,58,94.9,219.5,11.2,0.97,Normal,Frequent urination,No major diagnosed condition,Never,Light,Never,6.8,True
21d421d1-6363-4a71-8917-1e548d68c205,3e6a5323-10ff-468e-b34c-b896cc36f633,BD-SYN-000834,30,Female,Kishoreganj,False,False,False,True,True,False,False,False,,2,103,74,162.2,77.6,29.5,62,188.2,106.6,12.5,0.94,Sinus bradycardia,Joint pain,Diabetes mellitus,Never,Active,Never,5.9,False
bfbde2ab-24a3-43c5-a186-8878a251fdc5,45ef93b6-b8d8-4a81-9192-c30ae49a71a7,BD-SYN-000835,39,Male,Cox's Bazar,False,False,False,False,False,False,False,False,Dust,,109,83,172.8,72.6,24.3,77,85.5,182.9,15.5,0.8,Normal,Poor sleep,No major diagnosed condition,Never,Sedentary,Never,7.2,True
ca208137-11e2-4154-9de6-eaf23db5fca0,e6ed9900-9890-4f2e-872c-1910d1fd6b07,BD-SYN-000836,54,Male,Kishoreganj,False,False,False,False,False,False,True,False,,,112,72,172.6,70.6,23.7,67,81.6,223.3,13.1,1.02,Abnormal,Dizziness,Cardiovascular disease,Never,Moderate,Never,5.6,False
aa8b42a6-8ea8-4010-afcf-344a90d7da6d,c52326e9-f907-4e81-aaba-4c5f9ff05e32,BD-SYN-000837,51,Female,Sylhet,True,False,False,False,False,False,False,False,,4,116,69,157.9,71.3,28.6,62,94.6,193.5,10.3,0.72,Sinus bradycardia,Headache,No major diagnosed condition,Regular,Active,Never,6.6,True
5c645a7e-916c-4764-803e-e871db51db8c,fc8eb5df-a439-4313-a523-c940d35c94a0,BD-SYN-000838,50,Female,Jessore,False,True,False,False,False,False,False,False,Food,1,120,83,163.7,52.0,19.4,76,117.0,171.9,11.4,0.64,Normal,Shortness of breath,No major diagnosed condition,Never,Sedentary,Never,6.4,False
158c03d9-db30-4a74-ab13-a869a4d5e0e9,e292c352-81ba-494c-adc4-8bd63ef480e6,BD-SYN-000839,36,Female,Sylhet,False,True,True,False,False,False,False,False,,3,140,70,153.9,58.0,24.5,77,85.5,159.4,11.3,0.74,Normal,Increased thirst,Elevated blood pressure,Never,Moderate,Never,6.9,False
e101087e-4408-499b-8537-c1aea70b8d86,443d6a7f-0add-42a5-899a-e4819d8e7086,BD-SYN-000840,39,Male,Jessore,False,True,False,False,False,False,False,False,,,131,81,154.8,83.4,34.8,61,135.3,180.6,14.6,1.08,Normal,Shortness of breath,Obesity,Never,Light,Never,7.5,True
eefa2b5f-a1ad-41a8-b190-2629b9b291a7,f75aefff-b05e-40d0-b132-eedb56eb243e,BD-SYN-000841,23,Male,Mymensingh,False,False,False,False,False,False,False,False,,,129,71,156.5,80.3,32.8,63,125.1,193.5,14.6,0.78,Normal,Headache,Obesity,Never,Sedentary,Regular,7.5,True
7627a9a7-e646-457e-b338-385222509f97,e00c7b53-b742-4011-b0b7-b4d0d48f03a2,BD-SYN-000842,18,Male,Faridpur,True,False,False,False,False,False,False,False,,,102,72,165.3,58.5,21.4,76,109.5,200.1,13.0,0.72,Sinus tachycardia,Frequent urination,No major diagnosed condition,Never,Sedentary,Never,6.3,False
98f37089-8d1b-411c-9f6e-c6115be892c1,64667ffc-183e-47d3-a6c1-56a097a7e7a3,BD-SYN-000843,36,Female,Narail,False,False,False,False,False,False,False,False,,1,113,78,160.3,65.8,25.6,75,89.7,235.7,11.7,0.76,Normal,Headache,No major diagnosed condition,Never,Light,Never,6.3,False
7bd46c0a-7ba4-4d62-ae31-e8ee7101d864,3c62a2db-35e1-4fe4-8d6b-879743e389e1,BD-SYN-000844,66,Male,Khulna,False,True,False,False,False,True,False,False,,,135,88,175.2,84.4,27.5,64,60,202.3,14.6,1.37,Normal,Joint pain,Hypertension,Never,Sedentary,Never,8.0,True
b0155445-5b19-4b12-a200-324f3a95dab0,1a9de5b8-f730-4dc8-a971-9fdaabdef262,BD-SYN-000845,78,Male,Cox's Bazar,False,False,False,False,False,True,False,False,,,168,79,169.4,86.4,30.1,75,129.4,235.5,13.9,0.98,Normal,Back pain,Hypertension,Regular,Sedentary,Never,4.3,False
13ecd6b0-8483-49fc-91af-5c02050e51b3,cb620366-55ac-4295-9cd0-8aa6fe53778c,BD-SYN-000846,25,Female,Comilla,False,False,False,False,True,False,False,False,Food,2,119,81,156.7,67.8,27.6,74,145.9,132.2,13.6,0.98,Normal,Increased thirst;Frequent urination,Diabetes mellitus,Never,Sedentary,Never,6.1,False
632fb029-7e25-4e46-9738-6e2f74499344,7fe99111-493a-4e01-a9f9-159380c6961e,BD-SYN-000847,41,Male,Bagerhat,False,False,True,False,False,False,False,False,,,120,86,175.4,78.8,25.6,73,78.0,129.2,13.8,1.25,Normal,Chest discomfort,No major diagnosed condition,Regular,Sedentary,Never,7.3,True
a0ed9045-be2d-4b7f-a0d5-76749e6d84fa,180a29dc-059a-48f2-bef8-5734cfed9ccc,BD-SYN-000848,40,Female,Chattogram,False,True,False,True,False,False,False,False,,2,140,70,168.1,68.1,24.1,66,92.7,172.1,13.5,1.04,Normal,Dizziness,Elevated blood pressure,Never,Sedentary,Never,6.9,True
65bf6281-a1ca-497d-9d82-a86659901583,3692c9dd-54c1-4b70-9414-7cdfcc982d61,BD-SYN-000849,18,Male,Noakhali,False,False,False,False,False,False,False,False,,,105,80,184.6,95.4,28.0,63,112.4,221.3,13.9,0.73,Normal,Headache,No major diagnosed condition,Never,Moderate,Never,7.9,True
4f5a70a4-05b4-4af8-8ca0-497e60c22263,b6adec86-f1a2-46bf-9db2-3ec3b6dc48b5,BD-SYN-000850,37,Male,Thakurgaon,True,False,False,False,False,False,False,False,,,119,71,177.2,73.5,23.4,82,61.2,246.7,15.5,0.93,Normal,Chest discomfort,No major diagnosed condition,Never,Sedentary,Never,7.2,True
15743c03-2f1e-4be7-ae7f-87c479d1746e,8a93b483-a245-46e9-b1dc-048c4e7bb7bb,BD-SYN-000851,37,Female,Chandpur,False,False,False,False,False,False,False,False,,2,118,84,154.3,56.4,23.7,77,77.6,143.8,14.3,0.93,Normal,None,No major diagnosed condition,Never,Sedentary,Never,7.3,True
73622d6c-0972-4dde-b4ac-e63a90a9f49e,57e497d2-478c-49e9-98d4-1035e089ef38,BD-SYN-000852,49,Female,Madaripur,False,True,False,False,False,False,False,False,,4,124,62,145.3,36.1,17.1,71,98.8,220.8,9.2,0.74,Normal,Fatigue,No major diagnosed condition,Never,Light,Never,7.7,True
c501ae25-26a2-4835-98c9-2318e6a45468,785d50e5-e593-4d6e-a293-27ada1a066d0,BD-SYN-000853,56,Female,Sunamganj,False,False,True,False,False,False,False,False,,4,102,81,157.7,65.2,26.2,65,126.0,137.3,12.9,0.59,Sinus bradycardia,Poor sleep,Hyperglycemia,Regular,Moderate,Never,8.3,False
84affe34-efbb-41eb-a427-713ccf6a6331,81a429fb-ccc3-46c7-8955-7abd191957ef,BD-SYN-000854,22,Female,Tangail,False,True,False,False,False,False,False,False,NSAIDs,1,125,88,155.3,70.4,29.2,66,79.4,199.3,13.3,0.45,Normal,Joint pain,No major diagnosed condition,Never,Sedentary,Never,7.8,True
b62bd22b-a701-45f4-bbc7-ae350aaeb86c,26e268e4-e8d1-4932-acc0-aa26a44eca3b,BD-SYN-000855,66,Male,Nilphamari,False,False,False,False,False,False,False,False,,,94,79,176.3,90.4,29.1,74,100.6,199.2,13.1,0.82,Normal,Back pain,No major diagnosed condition,Never,Sedentary,Never,7.3,True
f3d23007-2ea3-4f46-82fc-b65cc764ac2b,b76d1f00-b44b-4e33-a765-a182205b38c6,BD-SYN-000856,39,Male,Pirojpur,False,False,False,False,False,False,False,False,,,110,79,161.9,47.2,18.0,71,130.2,129.4,12.6,0.96,Sinus bradycardia,Chest discomfort,Hyperglycemia,Never,Light,Never,7.4,True
c5f150db-7cb8-4c38-87c6-cb22a2f2bd9a,9cb8652d-6f6e-46c7-a9fd-4fcc8659a84a,BD-SYN-000857,77,Male,Khulna,False,True,False,False,True,False,False,False,,,113,77,177.2,74.7,23.8,69,186.0,266.7,14.1,1.04,Normal,Fatigue;Headache,Diabetes mellitus,Never,Sedentary,Never,7.8,True
f55ab53c-dd20-4afb-877f-e7151b27df8c,97a6ca6d-a764-4910-9f1f-7bb3643eae00,BD-SYN-000858,78,Female,Jhenaidah,True,False,False,False,False,False,False,False,Food,2,114,69,153.8,59.6,25.2,66,93.7,224.8,12.1,0.96,Nonspecific ST-T changes,Fatigue;Headache,No major diagnosed condition,Regular,Light,Never,6.0,False
3b3fe8e6-cc99-473d-9d2d-5235a9df67e3,ab921f8f-05df-4df7-a880-01f86c854fc0,BD-SYN-000859,63,Female,Bogura,False,True,True,False,False,True,False,False,,5,157,98,152.9,51.4,22.0,61,91.8,201.7,12.2,1.07,Abnormal,Dizziness,Hypertension,Never,Active,Never,6.9,False
a7daef3c-de1c-4825-9c81-8a88cadb1c15,99e2e23f-2f80-44f3-9856-21ab2769fc29,BD-SYN-000860,72,Male,Munshiganj,True,False,False,False,False,False,False,False,Penicillin,,114,78,167.5,58.6,20.9,85,102.1,182.1,14.2,0.74,Sinus tachycardia,Frequent urination,No major diagnosed condition,Never,Light,Never,7.1,True
8f51cefe-aea9-4f7e-8ebf-e9fe80454a17,319188e8-88b6-43d7-8f12-89fce00e31f7,BD-SYN-000861,80,Male,Nilphamari,False,True,False,False,True,False,True,False,,,129,61,167.1,78.2,28.0,83,141.6,196.0,13.7,1.03,Nonspecific ST-T changes,Shortness of breath,Diabetes mellitus; Cardiovascular disease,Never,Light,Never,8.3,True
1615f39b-05f3-4478-a537-912d29f3acc7,f48324dd-8b9b-4986-b780-052be9e46df3,BD-SYN-000862,40,Female,Satkhira,False,False,False,True,True,True,False,False,,1,147,80,165.0,65.3,24.0,70,196.0,181.8,11.5,0.83,Normal,Frequent urination,Diabetes mellitus; Hypertension,Never,Light,Never,8.0,False
5985abb9-64ce-4f72-b366-871782292415,7c5acad7-85da-47fb-87c0-4af9a5891af9,BD-SYN-000863,75,Male,Narsingdi,False,True,True,False,False,False,False,False,,,108,84,177.0,84.3,26.9,76,91.2,229.9,12.3,1.03,Normal,Fatigue,No major diagnosed condition,Never,Active,Never,8.2,True
daed18c7-b754-460a-af4f-7cde5d4ee3ac,d46dbc69-0a7c-4109-8a40-1e15366860c6,BD-SYN-000864,64,Male,Thakurgaon,False,False,False,True,False,False,False,False,Pollen,,123,73,154.1,48.4,20.4,78,112.2,147.2,13.6,0.92,Normal,Shortness of breath,No major diagnosed condition,Never,Sedentary,Never,7.0,True
491f3171-ecd5-462c-9217-e472d0052b88,9fa3b9df-7665-4fde-adeb-8e932691770e,BD-SYN-000865,23,Female,Moulvibazar,False,False,False,False,False,False,False,False,Dust,1,105,72,157.8,67.0,26.9,58,101.4,216.3,9.9,0.75,Normal,Joint pain,No major diagnosed condition,Never,Sedentary,Never,7.3,True
ad6f01a4-a88d-4ccc-9ecc-4417da1d736a,7021ded1-acff-4031-87e2-caa5540fde0a,BD-SYN-000866,77,Female,Narayanganj,True,False,False,False,True,False,False,False,Food,4,106,76,160.1,65.6,25.6,71,213.2,200.7,12.8,0.81,Normal,Increased thirst,Diabetes mellitus,Never,Light,Never,5.6,False
f0522d64-1099-4b1c-ad60-434ddfab4d8a,6d2ccb23-f20b-4b43-a7c8-4948cadaff90,BD-SYN-000867,64,Female,Narayanganj,False,False,False,False,False,False,False,False,Pollen,1,117,83,153.6,59.7,25.3,76,114.7,170.4,14.0,0.63,Nonspecific ST-T changes,Headache,No major diagnosed condition,Never,Light,Never,6.0,False
a2dde350-8777-4004-848a-3849fd328190,f75aa796-25b5-4cca-a5bc-6d945ca8d918,BD-SYN-000868,77,Female,Bagerhat,False,True,False,False,False,False,False,False,,4,131,79,152.1,70.6,30.5,77,149.0,202.8,12.1,0.61,Sinus tachycardia,Fatigue;Headache,Obesity,Never,Moderate,Never,6.6,False
66160a8f-a23b-4bba-aac9-ff4ab8ff4b21,4357db9d-e111-4068-8b17-1b327c6ab2fe,BD-SYN-000869,25,Male,Magura,False,False,True,False,False,False,False,False,Pollen,,126,76,172.9,67.0,22.4,80,103.6,177.3,14.1,1.19,Normal,Joint pain,No major diagnosed condition,Never,Light,Never,6.8,True
fee8d2b8-70cd-4711-9db3-330c5241ebd9,c54c66f5-126a-4bfc-b897-ab881a53a268,BD-SYN-000870,67,Female,Chattogram,False,False,True,True,True,False,True,False,,1,128,78,167.8,71.5,25.4,72,218.3,203.6,12.2,0.94,Sinus bradycardia,Frequent urination,Diabetes mellitus; Cardiovascular disease,Never,Sedentary,Never,5.2,False
aa9ea46f-f05a-43de-b082-81fad1241ff1,916b44e1-24fc-4616-b899-f7be6ba6cf69,BD-SYN-000871,77,Male,Bogura,False,True,False,False,True,False,True,False,,,123,76,166.7,55.3,19.9,66,159.5,157.2,12.3,0.72,Sinus tachycardia,Headache,Diabetes mellitus; Cardiovascular disease,Never,Sedentary,Never,8.3,False
a0a04711-d6cb-4f58-a334-53a02fd537fd,249dc2f2-daac-45da-8485-03e7ec1c4bb4,BD-SYN-000872,41,Female,Mymensingh,False,True,False,False,False,False,False,False,,3,113,79,164.5,62.8,23.2,61,106.1,196.4,14.0,0.68,Normal,Poor sleep,No major diagnosed condition,Never,Active,Never,8.6,True
2a43e469-f2c2-442c-befa-8a24f40379fc,1f7820af-3cc0-4025-9291-3783b76c5ac4,BD-SYN-000873,59,Female,Sylhet,False,True,False,False,True,False,False,False,,1,115,83,162.7,61.4,23.2,73,146.4,216.3,11.8,0.84,Sinus bradycardia,Increased thirst,Diabetes mellitus,Regular,Light,Never,6.9,False
7ec674ac-3b83-448c-b7e1-9342cc535e5a,26c909bf-c4e4-4fa4-b660-f4ef80d25caa,BD-SYN-000874,52,Male,Munshiganj,False,False,False,False,False,False,False,False,,,131,84,161.2,55.6,21.4,80,83.9,184.9,14.7,0.85,Normal,Chest discomfort,No major diagnosed condition,Never,Light,Never,7.3,True
edc6a14c-8c6f-45b3-8178-29cdf60d8ac1,e55f68be-3ad7-4e9d-88e7-fadcd11ce570,BD-SYN-000875,19,Male,Cox's Bazar,False,True,False,False,False,False,False,False,,,120,80,165.2,74.0,27.1,69,104.8,198.8,12.8,1.09,Nonspecific ST-T changes,Palpitations,No major diagnosed condition,Never,Moderate,Never,7.3,True
a3122e73-1fe8-4df3-9a93-f774ca371011,2729bc09-7a5a-4f61-9fe4-afd9a3a8bd1f,BD-SYN-000876,19,Female,Bhola,True,True,True,False,False,False,False,False,,0,133,83,147.2,58.5,27.0,82,107.7,163.6,10.7,0.48,Normal,Frequent urination,No major diagnosed condition,Never,Sedentary,Never,8.3,True
41437a2a-c0a3-46fb-9568-cf15df4d3b85,e1b527de-f57e-4398-aa7a-8c2d6e60c6a4,BD-SYN-000877,48,Male,Jhalokathi,True,False,False,False,False,False,False,False,,,125,80,165.6,60.3,22.0,80,71.3,226.1,14.6,0.99,Sinus tachycardia,Joint pain,No major diagnosed condition,Never,Moderate,Occasional,7.4,True
7bcd7844-5a7e-45c8-b9b6-d082ce26849c,17d262b7-c410-4243-b8b3-ab9928d7cb08,BD-SYN-000878,51,Male,Rangpur,False,True,False,False,False,False,False,False,,,106,68,171.1,67.3,23.0,77,100.3,177.9,13.5,0.79,Normal,Fatigue;Headache,No major diagnosed condition,Never,Light,Never,7.7,True
bddb78b7-73ed-4e7e-b2da-1d7e52a1a3ca,71e7ea32-1660-48b2-b4dd-1eb6578581f8,BD-SYN-000879,59,Male,Bogura,True,False,False,False,False,False,False,False,,,106,81,163.5,81.3,30.4,71,98.1,220.0,12.2,0.77,Normal,Fatigue,Obesity,Never,Active,Never,5.5,False
10b2ee82-0e19-4ad6-ada0-d3efc9efb8f9,424eb3c7-cec5-409e-9ebf-85b5a83dfeb5,BD-SYN-000880,55,Male,Sunamganj,True,True,False,False,False,False,False,False,,,113,74,173.8,90.3,29.9,83,79.8,172.6,14.9,0.74,Normal,Chest discomfort,No major diagnosed condition,Never,Sedentary,Never,7.0,True
2101eac1-37af-4186-a0e4-5679ccd5b032,12e75305-f9b7-4830-af9e-45c7c6490556,BD-SYN-000881,69,Male,Pabna,False,True,True,False,False,True,False,False,,,149,86,168.8,81.2,28.5,71,85.7,172.3,13.5,0.91,Sinus tachycardia,Fatigue,Hypertension,Never,Light,Regular,6.8,True
42d0477d-e961-4809-b066-75c5bfaf8ba9,b1fdab93-49b1-4b46-b0be-51d30e49ec22,BD-SYN-000882,25,Male,Gaibandha,True,False,False,True,True,False,False,False,,,117,59,161.3,82.5,31.7,76,176.9,221.1,15.2,1.0,Normal,Increased thirst;Frequent urination,Diabetes mellitus,Never,Sedentary,Regular,6.9,True
f0276d9b-8886-4cac-adaa-2189bfa99788,51abae4f-eef5-410f-80cd-9297132c08d8,BD-SYN-000883,57,Female,Gopalganj,False,False,True,False,False,False,False,False,Penicillin,5,107,70,164.0,76.9,28.6,66,70.5,194.0,13.3,0.89,Nonspecific ST-T changes,Increased thirst;Frequent urination,No major diagnosed condition,Never,Light,Never,6.7,False
11b96e57-2a5d-4104-84b0-027ba2d8b671,b58d44fa-9b43-49ab-9023-6628407ef45c,BD-SYN-000884,39,Female,Nilphamari,False,False,False,False,False,False,False,False,,1,124,78,152.7,67.9,29.1,82,93.3,226.6,13.4,0.57,Normal,Increased thirst;Frequent urination,No major diagnosed condition,Never,Light,Never,7.2,True
161bb1e5-1d20-474e-9475-01f8d5530864,ac6dfe76-8a2b-4b38-9877-d0d569bf915b,BD-SYN-000885,35,Male,Sylhet,False,False,True,True,False,False,False,False,Dust,,119,80,174.5,67.0,22.0,77,84.4,219.0,15.1,1.13,Normal,Palpitations,No major diagnosed condition,Never,Moderate,Occasional,6.3,False
af0f958a-056c-4533-b3f0-1484ffc20e87,05ca0c90-918e-49f1-a802-0d8d5e329b11,BD-SYN-000886,50,Male,Mymensingh,False,True,False,False,False,False,False,False,,,122,73,168.3,83.3,29.4,80,107.1,124.2,12.4,1.1,Normal,Shortness of breath,No major diagnosed condition,Never,Light,Never,6.2,False
5b5eb33c-fde0-491d-a0ff-887ac5a0bf1f,7833aaeb-d459-4758-be41-d5ad769df369,BD-SYN-000887,63,Male,Chattogram,False,False,False,False,False,False,False,False,Dust,,121,77,173.9,68.9,22.8,68,102.9,267.5,16.6,0.87,Normal,Fatigue;Headache,No major diagnosed condition,Regular,Light,Never,7.5,True
538cf819-0cd4-4e72-a766-16fda42811fb,5102fab7-45a3-4c52-99fd-0ce4dee10607,BD-SYN-000888,39,Female,Cox's Bazar,True,False,False,True,False,False,False,False,Pollen,0,128,81,168.4,82.5,29.1,75,69.7,196.3,15.1,0.91,Normal,Joint pain,No major diagnosed condition,Never,Sedentary,Never,9.0,True
c521611d-1b73-47a0-815b-35f7802c0265,8dc983e9-676b-47b0-a1f0-4c37864b5ff0,BD-SYN-000889,50,Female,Madaripur,True,True,False,False,False,False,False,False,,4,115,81,158.0,62.2,24.9,69,63.5,219.2,13.4,0.74,Normal,Back pain,No major diagnosed condition,Never,Light,Never,6.1,False
219b646a-c90b-4592-9bb6-9ecb6961be61,280456a5-a334-492e-8e14-3a1276957443,BD-SYN-000890,57,Female,Jhenaidah,False,False,False,False,False,False,False,False,,4,109,80,160.5,68.5,26.6,69,99.7,216.0,12.6,1.09,Normal,Increased thirst,No major diagnosed condition,Never,Moderate,Never,5.9,False
ef24a244-e79a-40e9-a8ff-d3474339918d,e2ad67b4-aa7e-4562-86db-946d9b42741f,BD-SYN-000891,36,Male,Cox's Bazar,False,False,False,False,False,False,False,False,Pollen,,123,72,166.7,69.8,25.1,59,120.6,214.8,13.8,0.8,Nonspecific ST-T changes,Fatigue,No major diagnosed condition,Never,Moderate,Never,5.6,False
5692be1e-1d34-4de1-88d6-820e0398cbaf,49f21118-cd0b-4200-a7c9-e775fa50782d,BD-SYN-000892,21,Male,Kurigram,False,False,False,False,False,False,False,False,,,117,72,170.0,71.1,24.6,85,70.5,165.0,14.9,0.8,Normal,Frequent urination,No major diagnosed condition,Never,Sedentary,Never,7.3,True
132d618d-9f3c-499b-bde7-a3bbfb04e05d,173b920f-9cb4-4517-a75f-2304ca010feb,BD-SYN-000893,20,Female,Shariatpur,False,False,False,False,False,False,False,False,,0,131,72,154.0,63.8,26.9,70,126.7,243.0,14.5,0.83,Normal,Shortness of breath,Hyperglycemia,Never,Light,Never,8.7,True
919fa09f-17ed-48a1-838f-9d5cbadb8287,86397dfe-94ce-42ac-a8ac-4d2e0a3ef5ec,BD-SYN-000894,19,Female,Sirajganj,False,False,False,False,False,False,False,False,NSAIDs,1,117,79,148.9,61.6,27.8,77,60.0,236.1,13.5,0.99,Normal,Dizziness;Headache,No major diagnosed condition,Never,Moderate,Never,6.9,True
f1267d3a-cdad-46a5-a2a6-f0459b7396c6,945f92ff-a4a5-4fb9-8dde-1e282a331f48,BD-SYN-000895,60,Female,Chattogram,False,True,False,False,False,True,False,False,,2,135,79,150.3,65.1,28.8,79,110.6,171.1,10.9,1.15,Normal,Back pain,Hypertension,Never,Light,Never,7.3,True
4a2d8bab-e748-4b85-ab9d-e259badf35d8,860bb524-06ed-4fa5-adfb-9bafe6596f30,BD-SYN-000896,57,Female,Netrokona,True,False,True,False,False,False,False,False,,4,126,79,156.6,84.9,34.6,83,115.4,175.9,12.1,0.46,Normal,Dizziness;Headache,Obesity,Never,Active,Never,5.2,False
72da3749-a062-4ef0-8211-9df6464e3960,41d266a4-092a-46f1-afb2-cb6d321a08bd,BD-SYN-000897,24,Male,Gaibandha,False,False,False,False,False,False,False,False,,,114,73,172.6,87.3,29.3,76,100.2,193.4,13.6,0.89,Normal,None,No major diagnosed condition,Regular,Active,Never,7.3,True
c8ad469b-40c6-4b48-abdf-64faf0b4136c,6ad504a2-d57a-4a8a-846e-d32d77038584,BD-SYN-000898,30,Male,Jamalpur,False,True,False,True,False,False,False,False,,,120,84,172.7,74.0,24.8,85,99.9,195.4,11.5,0.96,Normal,Increased thirst,No major diagnosed condition,Regular,Moderate,Never,5.9,False
b37d3375-14d6-4510-b8aa-c09677f4a063,e248e3c7-4ead-4048-a0a5-5d3d8d13642e,BD-SYN-000899,30,Male,Narail,False,False,False,False,False,False,False,False,,,123,77,167.3,70.5,25.2,77,109.1,231.3,16.3,0.94,Normal,Back pain,No major diagnosed condition,Never,Moderate,Regular,6.6,True
869d522e-c81f-496d-84da-504944012331,6877af8e-a82f-40df-9700-b523809f6b0f,BD-SYN-000900,72,Male,Bagerhat,False,False,False,True,False,False,False,False,,,129,75,176.7,91.8,29.4,62,92.7,251.2,14.7,1.16,Normal,Frequent urination,No major diagnosed condition,Never,Moderate,Never,6.2,False
7bffa354-e6f6-4f02-a9d4-27495c0053f3,ade7bd45-5f40-49cb-abd5-b9223cd9329b,BD-SYN-000901,47,Male,Narayanganj,False,True,False,True,False,False,False,False,,,114,71,157.8,48.3,19.4,78,82.0,140.8,15.4,0.61,Normal,Increased thirst;Frequent urination,No major diagnosed condition,Never,Sedentary,Never,8.2,False
62a5f19b-f2f5-45b9-8758-9b3f932435d8,3f21d83d-f4ec-46d2-bab6-33bc62bbdb52,BD-SYN-000902,79,Female,Jamalpur,False,False,False,False,False,True,False,False,Pollen,4,155,85,156.9,78.0,31.7,78,123.0,183.6,10.9,0.71,Normal,None,Hypertension,Never,Sedentary,Never,7.2,True
b5962ade-6407-48f7-b515-fc485cc61603,423ba601-1e4f-4454-bb57-440cfd507f47,BD-SYN-000903,30,Male,Jhenaidah,False,False,False,False,False,False,False,False,,,129,94,169.2,91.9,32.1,75,115.7,211.7,13.4,0.96,Normal,Dizziness,Obesity,Never,Light,Never,5.8,False
32029553-7c0f-4176-a335-0cc89102780f,a986dfbd-1ca9-4f9a-bc75-ed37a28502c2,BD-SYN-000904,26,Female,Dhaka,True,False,True,False,False,False,False,False,,4,120,73,166.3,53.7,19.4,76,104.3,145.8,12.9,0.64,Abnormal,Joint pain,No major diagnosed condition,Never,Light,Never,4.5,False
9568bac7-42dc-46b6-80c6-72603a5ad9e7,80b84162-aaab-42be-b455-de7dc81053bd,BD-SYN-000905,63,Male,Noakhali,False,False,False,True,False,False,False,False,NSAIDs,,122,84,162.6,50.2,19.0,75,89.5,254.5,11.8,0.69,Nonspecific ST-T changes,Frequent urination,No major diagnosed condition,Never,Moderate,Never,6.1,False
3e91d972-8c3f-4dbc-94cb-5c1bb30d50d5,86a00ed7-ec7c-4f55-809a-f8196c8bcb7c,BD-SYN-000906,78,Male,Jessore,False,True,False,False,False,True,False,False,,,156,80,170.1,77.0,26.6,73,104.9,209.1,12.5,1.01,Normal,Dizziness,Hypertension,Never,Moderate,Never,6.6,True
c79fb192-8d64-46bf-bfe4-7ff1a80b2f68,910bae5e-5f20-4ddc-84ec-8132d9e4e089,BD-SYN-000907,68,Female,Munshiganj,True,True,False,False,False,False,True,True,,4,115,63,148.1,45.6,20.8,66,95.0,248.3,10.9,0.75,Nonspecific ST-T changes,Shortness of breath,Cardiovascular disease; History of stroke,Never,Sedentary,Never,6.6,True
e62ac2f0-9adf-4f97-a7ce-eded7d527cc8,2053c983-8c5c-44cd-8ff1-b23db9a370ea,BD-SYN-000908,77,Female,Pirojpur,False,False,True,False,False,True,True,False,Dust,2,145,99,140,52.1,26.6,68,83.1,204.9,13.4,0.94,Normal,Increased thirst;Frequent urination,Hypertension; Cardiovascular disease,Never,Moderate,Never,6.6,True
13bc21ef-e5c9-4ee8-af19-4da61f4d10fb,55c69680-723b-4c48-a4c0-7952ecfa5700,BD-SYN-000909,32,Male,Patuakhali,False,False,False,False,False,False,False,False,Penicillin,,116,80,163.8,80.5,30.0,68,113.4,187.4,13.1,0.66,Normal,Headache,Obesity,Never,Sedentary,Never,7.4,False
076e046e-14a5-4681-859b-79c9f9e6752f,f2ac53ee-32c1-4bac-8ffe-fea0ccdf741c,BD-SYN-000910,60,Female,Brahmanbaria,False,True,False,False,False,False,False,False,,3,115,71,159.5,48.1,18.9,60,107.5,197.3,13.3,1.03,Normal,Shortness of breath,No major diagnosed condition,Never,Sedentary,Never,8.8,True
626a1f03-a132-45dd-9171-d7a08e5e260c,502eefb6-70ce-4db9-8c5f-d0c101848a4b,BD-SYN-000911,59,Female,Cox's Bazar,False,False,True,False,False,False,False,False,Dust,3,113,79,155.8,55.6,22.9,80,110.4,169.6,11.9,0.69,Normal,Poor sleep,No major diagnosed condition,Regular,Moderate,Never,9.2,True
d5d509ec-9dc3-4c76-ba92-0eb880bf6c1b,8d954bdc-e5ad-456f-8380-a291d5010eed,BD-SYN-000912,19,Male,Munshiganj,False,False,False,False,False,False,False,False,,,128,75,174.6,75.9,24.9,63,108.9,147.9,15.7,0.81,Normal,None,No major diagnosed condition,Never,Active,Never,7.0,True
0a7a06c7-3e77-47f4-a0db-9a10c6896354,d1e798da-8012-446e-b586-172943d05d70,BD-SYN-000913,36,Male,Panchagarh,True,False,False,False,False,False,False,False,,,114,71,160.5,73.9,28.7,84,84.1,219.3,13.1,0.74,Normal,Dizziness;Headache,No major diagnosed condition,Never,Sedentary,Never,7.2,True
20210752-c582-4bb9-be6b-80801d2d9509,3fccfb35-0434-45e1-a058-78422c6521fc,BD-SYN-000914,44,Male,Naogaon,False,False,False,False,False,False,False,False,,,102,75,173.6,93.4,31.0,83,94.4,135.4,12.7,0.89,Normal,Back pain,Obesity,Regular,Light,Never,6.9,True
6c449086-a489-4e6f-b836-e8fc2bc725e2,544c5484-0ed9-44a1-92a4-b4e193e2149b,BD-SYN-000915,52,Female,Kishoreganj,False,False,False,False,False,False,False,False,,0,102,67,164.6,68.8,25.4,82,72.6,205.0,13.6,0.81,Normal,Joint pain,No major diagnosed condition,Never,Moderate,Never,7.1,True
8016c758-3bf3-438e-93c1-6569148650ba,a04a3491-d7d5-46f8-9609-4c61fca0fe67,BD-SYN-000916,25,Male,Manikganj,False,True,False,False,False,False,False,False,Food,,126,73,183.3,77.6,23.1,71,110.3,145.0,14.2,0.88,Normal,Fatigue;Headache,No major diagnosed condition,Never,Light,Never,5.8,False
93be9be3-5229-4959-b501-1b7c89122588,a5f86cdf-0d20-41e4-8681-7c2103b642d9,BD-SYN-000917,78,Female,Bagerhat,True,True,False,False,False,True,False,False,Dust;Pollen,0,145,90,156.4,71.4,29.2,73,91.0,134.8,12.3,0.91,Normal,Increased thirst,Hypertension,Never,Light,Never,7.7,True
c674f7e9-a8f5-444b-b954-ac9044457052,de1efcae-9f35-4d8a-86f6-93d9a622d7a4,BD-SYN-000918,67,Male,Patuakhali,True,False,False,False,False,False,False,False,Dust,,114,67,169.7,56.7,19.7,78,90.7,228.3,14.6,1.12,Normal,Headache,No major diagnosed condition,Never,Moderate,Never,7.2,False
9c73ca65-1c0a-40a9-9ca9-488e9ab8e01a,166fc6a2-9562-442e-91ba-4f7185ba22c1,BD-SYN-000919,27,Male,Magura,False,True,True,False,False,False,False,False,Dust;Pollen,,133,68,170.9,68.1,23.3,77,105.5,213.8,11.7,0.99,Normal,Back pain,No major diagnosed condition,Never,Sedentary,Never,5.3,False
92dce794-f32a-45df-a03c-5a6fbb8d21e2,bb085acb-92a4-43f1-9e6b-703ace82f83a,BD-SYN-000920,30,Female,Brahmanbaria,False,False,False,True,False,False,False,False,,4,128,79,157.1,58.5,23.7,68,76.0,126.0,10.0,0.75,Normal,Headache,No major diagnosed condition,Never,Light,Never,7.3,True
3db07aa7-a6c6-4d63-95b1-935202b57413,25d698bf-e75f-466c-a8de-d9edcc7144ed,BD-SYN-000921,56,Male,Sylhet,False,True,False,False,True,True,False,False,,,138,72,166.7,75.3,27.1,76,207.4,228.1,14.9,1.03,Nonspecific ST-T changes,Increased thirst,Diabetes mellitus; Hypertension,Never,Sedentary,Never,4.8,False
0d81e405-6f55-4b65-abf6-cb70ec143978,17299964-04fd-412d-98cb-e7c6d5117115,BD-SYN-000922,61,Male,Dinajpur,True,True,True,False,False,True,False,False,,,128,96,169.4,72.3,25.2,97,84.0,180.7,15.6,0.97,Normal,Increased thirst;Frequent urination,Hypertension,Never,Light,Never,6.4,False
6ebdc267-8294-493d-a37c-84ee6b976ee3,b596eb66-88bb-47cb-ad86-ec258dab2158,BD-SYN-000923,42,Male,Panchagarh,False,True,False,False,False,False,False,False,Food,,114,72,162.8,56.2,21.2,64,60,141.2,14.1,0.58,Nonspecific ST-T changes,None,No major diagnosed condition,Never,Active,Never,8.1,True
d6cad01b-1fcb-419c-9403-f7604b297cee,0696112d-e1e6-4367-98b3-35b85112a0ba,BD-SYN-000924,68,Female,Mymensingh,False,False,False,False,False,False,False,False,,2,122,83,155.6,74.3,30.7,71,131.5,183.3,11.7,0.74,Normal,Chest discomfort,Obesity,Never,Light,Never,7.3,True
1ff88a56-2748-4264-9b9b-0cd5180ea8d7,3add283a-2c97-4999-b4f0-ea7f9a4d4bd3,BD-SYN-000925,55,Male,Mymensingh,False,False,False,False,False,False,False,False,,,127,76,176.5,86.0,27.6,66,84.0,259.4,15.8,1.33,Normal,Dizziness,No major diagnosed condition,Never,Sedentary,Never,7.3,True
bed146a2-ca44-4853-9152-ae51594fc1b4,9e7d5340-1f88-4cbd-9eb2-24a850760b0c,BD-SYN-000926,70,Male,Jessore,False,True,False,False,False,True,False,False,Food,,150,94,159.9,49.9,19.5,85,90.6,230.6,13.3,0.97,Normal,Dizziness;Headache,Hypertension,Never,Moderate,Occasional,8.0,False
7ef97efa-34f9-40b9-b32d-75562b4b3b2a,d6abf2f3-e65f-49bc-879a-3506cf8955bb,BD-SYN-000927,57,Female,Dinajpur,False,False,False,False,True,False,False,False,Dust;Pollen,1,108,65,151.2,59.4,26.0,69,143.7,228.8,13.2,1.02,Normal,Joint pain,Diabetes mellitus,Occasional,Light,Never,6.4,False
76930bea-d769-423f-b2a0-aa98ccb6712d,407fda96-a1fd-44f3-837d-637945b7d4e5,BD-SYN-000928,67,Male,Gaibandha,False,False,False,False,False,False,False,False,,,117,74,166.7,75.3,27.1,83,90.4,215.7,15.1,1.4,Nonspecific ST-T changes,Back pain,No major diagnosed condition,Never,Light,Never,7.6,False
930ce29f-b6e7-45c9-9399-a681153cc86f,a42e3138-dcd9-4714-9cb2-12ba2f31b2c1,BD-SYN-000929,72,Female,Pabna,True,True,False,False,False,False,False,False,Dust,1,135,78,142.0,41.9,20.8,69,101.1,181.6,11.9,0.6,Normal,Fatigue,No major diagnosed condition,Never,Light,Never,6.7,True
13064917-f863-4e55-aab1-de1e3af8662a,51a3c8b8-2773-4b5e-ae93-e5a227ae484f,BD-SYN-000930,31,Male,Panchagarh,False,False,False,False,False,False,False,False,,,105,72,159.4,47.8,18.8,82,93.2,113.9,12.5,0.81,Normal,Increased thirst,No major diagnosed condition,Occasional,Sedentary,Never,6.3,False
5dbf09c0-4028-4c21-85d4-be2bb7a3d4db,62d9f6f4-5101-46e2-ba4a-2482fa3d0c30,BD-SYN-000931,61,Female,Jhalokathi,True,True,False,False,False,False,False,False,Food,3,115,71,147.1,43.5,20.1,63,74.8,159.6,11.8,0.72,Normal,Poor sleep,No major diagnosed condition,Never,Light,Never,6.7,True
d7564d10-2267-4f00-8ac3-cde2a19b700c,887ff657-8aa9-4fc9-9e11-a592b9d9033e,BD-SYN-000932,52,Male,Barishal,False,False,True,False,False,False,False,False,,,124,77,155.5,70.8,29.3,85,60,210.6,14.2,1.27,Normal,Dizziness;Headache,No major diagnosed condition,Regular,Sedentary,Never,8.1,False
8aeecd14-0d5a-4a37-915e-086e20251713,6618e178-3e7d-4411-bcc6-da2c81bbe259,BD-SYN-000933,25,Female,Bagerhat,False,False,False,False,False,False,False,False,Food,4,142,65,147.2,50.1,23.1,74,114.8,192.6,11.7,0.69,Nonspecific ST-T changes,Joint pain,Elevated blood pressure,Never,Sedentary,Never,7.8,True
f3a2a483-9b81-4635-acfd-1149fb4d384e,1d40661e-b10e-4ebd-807a-4ca793e5b079,BD-SYN-000934,25,Female,Rangpur,True,True,False,False,False,False,False,False,,2,118,63,146.2,73.3,34.3,77,93.8,184.5,13.0,0.75,Normal,Fatigue;Headache,Obesity,Never,Sedentary,Never,7.4,True
ae260974-fbcd-4c7e-9daf-08024afdca2b,00af095d-9e40-42c4-84e6-3288676fd220,BD-SYN-000935,26,Female,Naogaon,False,False,False,False,False,False,False,False,Penicillin,4,121,66,166.2,72.4,26.2,72,75.0,174.4,11.4,0.69,Normal,Headache,No major diagnosed condition,Never,Sedentary,Never,7.6,True
5c05093a-06ad-4182-a46a-c35b7d51e685,5847331c-450a-45fa-9958-85eb5fffbd44,BD-SYN-000936,72,Male,Pirojpur,False,False,False,False,False,False,False,False,,,126,79,167.8,64.8,23.0,75,87.8,192.9,14.5,1.11,Normal,Frequent urination,No major diagnosed condition,Never,Sedentary,Never,7.0,True
9aec4017-1528-4c76-ba69-cf08e57ad683,8329a1eb-3f59-4003-991f-e492c5263b81,BD-SYN-000937,76,Male,Mymensingh,False,True,False,False,False,True,False,False,,,156,91,161.4,88.3,33.9,83,106.4,209.7,13.6,1.3,Sinus tachycardia,Shortness of breath,Hypertension,Regular,Moderate,Never,6.5,True
6aacf8e6-5db1-46d8-9bec-a75ffa996241,3c5f7d7b-4a2b-4070-a44f-ccb0a98c7a61,BD-SYN-000938,36,Male,Lakshmipur,False,False,False,False,False,False,False,False,,,123,80,169.8,64.6,22.4,72,69.3,188.5,14.7,0.82,Normal,Frequent urination,No major diagnosed condition,Never,Light,Never,7.1,False
1c8c1e33-94b8-4e28-9f7a-4a5564767b68,b3d3f4fc-192a-4c13-9ef0-679f0cb9fd2c,BD-SYN-000939,30,Female,Moulvibazar,False,True,True,False,False,False,False,False,,3,119,68,163.4,60.3,22.6,58,91.8,237.0,13.3,0.84,Normal,Back pain,No major diagnosed condition,Never,Sedentary,Never,6.7,True
9fa213e7-35bd-45c4-8353-355f94dcce5b,5b2c886d-dec2-4bda-b964-b18b642a2843,BD-SYN-000940,70,Female,Sylhet,False,False,True,False,False,True,False,False,,3,139,84,162.0,50.1,19.1,57,95.6,246.4,13.1,0.77,Nonspecific ST-T changes,Increased thirst;Frequent urination,Hypertension,Never,Active,Never,4.8,False
6c5972b2-2ea6-4897-8bbe-5192b0ba03ba,c3286710-254d-4819-b4a2-e7517589b04b,BD-SYN-000941,18,Female,Panchagarh,False,False,False,False,False,False,False,False,,1,127,73,155.7,60.8,25.1,66,108.8,222.4,14.4,0.98,Normal,Frequent urination,No major diagnosed condition,Never,Light,Never,7.6,True
804e848c-1e35-4bd2-9344-dd7d1a3c113d,57ccb0b1-5eef-4481-b067-26577a72ff98,BD-SYN-000942,38,Female,Magura,False,False,False,False,False,False,False,False,NSAIDs,0,115,72,166.9,68.2,24.5,87,87.8,195.3,14.5,0.76,Normal,Dizziness;Headache,No major diagnosed condition,Never,Sedentary,Never,7.7,True
62015bd9-3a94-40eb-b9ed-a494066c78bf,4d0c8652-f2ca-4220-9661-f951941f0324,BD-SYN-000943,30,Male,Sirajganj,False,False,False,False,False,False,False,False,Dust,,122,82,162.4,74.9,28.4,68,88.2,158.4,12.2,0.7,Normal,Back pain,No major diagnosed condition,Never,Light,Never,9.5,True
abedf065-8cc9-4526-860b-031aaec4f83e,dea9f6a3-148b-4b5d-b9bf-03ccc1d2338d,BD-SYN-000944,80,Female,Chapainawabganj,False,True,False,True,True,False,True,False,,4,129,74,150.2,48.3,21.4,81,129.0,222.8,12.6,0.8,Nonspecific ST-T changes,Shortness of breath,Diabetes mellitus; Cardiovascular disease,Never,Active,Never,5.1,False
e6bd34fe-06d7-491c-a67d-a84ec8ae99b4,411a2bdc-30fd-4f91-8c8e-d62daacca5f0,BD-SYN-000945,58,Female,Jhenaidah,True,False,True,False,False,False,False,False,Pollen,4,127,85,157.7,61.9,24.9,80,94.3,195.3,14.0,0.81,Normal,None,No major diagnosed condition,Never,Light,Never,6.1,False
d7969b0d-8ae3-4892-8bd3-0f862d2c64e5,0cfad383-dacc-40d2-9df1-8e5a220f368d,BD-SYN-000946,67,Male,Dinajpur,False,True,True,True,False,False,False,True,,,115,77,160.3,70.4,27.4,68,80.2,231.9,12.4,0.91,Nonspecific ST-T changes,None,History of stroke,Never,Light,Never,6.2,False
97752dde-e8db-4095-bc91-ba914da8c71b,34f44180-7656-48d6-a36a-b53755bb6b4b,BD-SYN-000947,60,Male,Chapainawabganj,False,False,False,True,False,True,False,False,Penicillin,,142,86,168.7,80.5,28.3,75,84.4,186.7,15.4,1.02,Normal,Headache,Hypertension,Never,Sedentary,Never,7.2,False
bab70197-3942-4ac4-bd9e-4f1707bcc37a,df5d2877-768c-4ba0-9eda-ce2f28c68eed,BD-SYN-000948,70,Female,Gaibandha,True,False,False,False,False,False,False,False,,3,134,78,169.9,71.0,24.6,61,103.6,121.3,12.3,0.68,Normal,Joint pain,No major diagnosed condition,Never,Light,Never,4.4,False
02b77cb2-35b2-4a5d-a936-d39583794df9,8e2255bc-04fa-4af8-a86a-7c24614cb728,BD-SYN-000949,52,Female,Jhalokathi,False,True,False,False,False,False,False,False,,0,121,81,156.0,55.5,22.8,91,70.4,169.2,14.4,0.79,Normal,Dizziness;Headache,No major diagnosed condition,Regular,Light,Never,8.1,True
f4a85869-0383-4ba8-b573-5e6a68db6198,045a32e1-deec-4dc0-9f02-03e76232a80c,BD-SYN-000950,68,Female,Barishal,False,False,True,True,False,True,False,False,,5,147,80,163.9,76.3,28.4,82,93.1,187.1,14.3,0.71,Sinus tachycardia,Poor sleep,Hypertension,Never,Sedentary,Never,6.1,False
a109236b-b062-4452-ab2d-e4b414a658fc,64ba64b3-99c7-4dc3-b0c1-130678d27680,BD-SYN-000951,78,Female,Munshiganj,False,True,False,True,False,True,False,False,Dust,5,151,88,151.9,48.5,21.0,74,87.2,225.7,12.9,0.74,Normal,Shortness of breath,Hypertension,Never,Moderate,Never,6.7,True
c5f66d5d-af58-492f-ae9f-36fa9f360348,53e54c1f-e436-4a8a-b8a0-38e04b81d6ae,BD-SYN-000952,36,Male,Pabna,True,True,False,True,False,False,False,False,,,116,73,173.6,83.5,27.7,57,111.5,105,12.9,1.07,Normal,Fatigue;Headache,No major diagnosed condition,Never,Light,Never,7.2,True
f423a165-0454-4383-916a-33400949d846,72286015-1f23-4aa0-a62d-fe6bac0fff94,BD-SYN-000953,25,Female,Madaripur,False,True,False,False,False,False,False,False,,0,119,76,160.1,64.6,25.2,78,117.6,181.9,10.4,0.76,Normal,None,No major diagnosed condition,Never,Moderate,Never,7.6,True
eb62dd91-dc33-4e64-aad6-9f05546e8685,dd89aa16-b644-4a8e-98bd-18ba1ba25846,BD-SYN-000954,59,Male,Moulvibazar,False,True,False,False,False,False,False,False,Dust,,120,96,176.7,74.6,23.9,69,98.5,146.3,12.5,0.99,Normal,Increased thirst,Elevated blood pressure,Never,Sedentary,Never,7.0,True
bd7bc6b4-1f6b-42b1-89c0-69ff7aa9502c,ed12def0-da7c-4076-8ed3-1c100da2f175,BD-SYN-000955,80,Male,Moulvibazar,True,True,True,False,False,False,True,False,,,131,87,166.6,80.5,29.0,79,95.7,199.1,13.7,1.3,Sinus tachycardia,Chest discomfort,Cardiovascular disease,Never,Moderate,Regular,6.7,False
8daf98a3-a7cb-46ff-ae42-e70e6844dd3b,a9f3b53d-f25b-4a70-a6e0-91fb61eeb3ae,BD-SYN-000956,28,Female,Chapainawabganj,False,False,False,False,False,False,False,False,Dust,2,135,74,158.8,66.8,26.5,61,86.9,153.1,12.9,0.48,Normal,Shortness of breath,No major diagnosed condition,Never,Moderate,Never,5.7,False
9831071b-be03-4f0d-bf1d-1e3088164bab,2c16ee35-d611-4e97-b47a-8a28cff0d29c,BD-SYN-000957,43,Male,Nilphamari,False,False,False,False,False,True,False,False,,,146,87,179.1,72.5,22.6,68,98.6,168.4,14.9,0.8,Normal,Palpitations,Hypertension,Never,Sedentary,Never,6.2,False
1a5e4cf6-e954-4596-a87d-394524d2f8ef,94c730a4-a385-45c1-915c-2086beaa5393,BD-SYN-000958,80,Female,Thakurgaon,False,False,True,False,True,True,False,True,Dust,4,141,86,155.6,67.3,27.8,73,181.1,203.5,13.6,0.9,Normal,Frequent urination,Diabetes mellitus; Hypertension; History of stroke,Never,Light,Never,7.2,False
62814375-5ca1-41fe-b4aa-a0a802019fd9,81817803-337e-4427-b698-ebcbfa9f028d,BD-SYN-000959,53,Female,Chandpur,False,True,False,True,False,False,False,False,,3,107,73,149.1,50.0,22.5,75,87.9,215.0,13.3,0.78,Normal,Chest discomfort,No major diagnosed condition,Never,Light,Never,7.2,False
7f42fd72-fe0c-4396-8a9a-d2d88ef4601b,40032945-f0c1-4be6-964a-d4367187a441,BD-SYN-000960,25,Male,Narail,False,False,False,False,True,False,False,False,,,93,71,168.7,74.0,26.0,72,164.9,212.9,14.5,0.72,Normal,Poor sleep,Diabetes mellitus,Never,Light,Never,9.4,True
12002350-b339-49a9-a3be-d270030daf7c,9edbd777-189e-4a74-910d-3c27c5a0c88d,BD-SYN-000961,32,Male,Jamalpur,False,False,False,False,False,False,False,False,NSAIDs,,111,72,181.1,77.4,23.6,78,102.5,199.5,15.8,0.71,Normal,Increased thirst;Frequent urination,No major diagnosed condition,Never,Active,Never,8.4,True
b31d55a2-9c1f-4532-9081-64faa2c2368d,ece1fc63-9d8d-4955-bb8f-84b4aa9fb16b,BD-SYN-000962,25,Male,Kishoreganj,False,False,False,False,False,False,False,False,Dust,,121,83,162.7,64.9,24.5,77,101.6,213.7,12.5,0.98,Normal,Dizziness;Headache,No major diagnosed condition,Never,Sedentary,Never,6.5,True
08676c38-2141-4a5e-8ee7-1a1ee021eb61,fd01a5c8-80d5-4fd4-8eef-61d13d9c7bc2,BD-SYN-000963,75,Male,Narsingdi,False,False,True,True,False,False,False,False,,,127,88,167.5,74.1,26.4,65,93.2,163.1,14.5,0.84,Normal,Shortness of breath,No major diagnosed condition,Never,Light,Never,7.1,True
58f66c81-ccdb-453b-a6e2-ee00ad3db6ef,cf79b3e5-8c2a-4ccc-84f3-5a921a833b08,BD-SYN-000964,58,Female,Madaripur,False,True,False,True,False,True,False,False,,0,151,80,166.4,85.3,30.8,88,163.0,243.2,13.7,0.78,Normal,Frequent urination,Hypertension,Never,Sedentary,Never,7.5,True
8dd61903-bb65-43ff-bb0e-2575a770f48f,5801f4b9-504b-46bd-9e89-19c204f7f7b4,BD-SYN-000965,47,Male,Narsingdi,False,True,True,False,False,False,False,False,,,122,72,170.5,66.9,23.0,73,72.0,119.8,16.0,0.87,Normal,Back pain,No major diagnosed condition,Never,Sedentary,Never,6.7,True
5a5fd1c4-1ec6-405c-bb52-3ea313089bcc,95a0ff63-4570-4c6f-b0de-a8074f979492,BD-SYN-000966,32,Female,Kishoreganj,False,False,False,False,False,False,False,False,Penicillin,1,135,68,155.1,52.9,22.0,79,62.9,167.0,13.9,0.98,Normal,Headache,No major diagnosed condition,Never,Moderate,Never,5.8,False
15f3216c-a7bb-412f-85f1-5a411b64a928,6641a625-1d56-4880-8816-5702a8bef378,BD-SYN-000967,77,Female,Sylhet,True,False,False,False,False,False,False,False,Food,2,109,71,159.6,59.4,23.3,69,107.1,272.7,11.4,1.08,Normal,Fatigue,No major diagnosed condition,Never,Active,Never,6.4,False
56a6827e-6469-4ae5-9a17-1993a81105ad,11fc9bb2-4bf8-426d-889b-3d0113f555ad,BD-SYN-000968,62,Male,Patuakhali,False,False,False,False,False,True,False,False,Dust,,131,86,163.3,60.5,22.7,93,79.0,194.8,12.4,0.87,Normal,Palpitations,Hypertension,Never,Moderate,Never,8.1,False
9f60d997-5e43-4de8-b9bf-15665172246d,167a567f-95f2-4be3-804c-e47c38e07456,BD-SYN-000969,53,Female,Munshiganj,True,False,False,False,True,False,False,False,Food,3,114,63,170.1,73.8,25.5,80,206.8,283.5,13.6,0.86,Normal,Fatigue;Headache,Diabetes mellitus,Regular,Moderate,Never,7.1,True
f015e29a-718b-46e6-80a1-dd5d0c2ac716,68259332-f11d-4a1b-badb-8c1b9e9fb191,BD-SYN-000970,76,Male,Moulvibazar,False,True,False,False,False,False,False,False,Dust;Pollen,,115,83,168.4,67.5,23.8,77,96.6,201.8,14.4,1.08,Normal,Fatigue;Headache,No major diagnosed condition,Never,Sedentary,Never,8.0,True
8cdc8d55-b556-41fa-a937-29d028a482c0,93abc021-e633-4ef2-b128-7219465080ed,BD-SYN-000971,73,Male,Chandpur,False,False,False,False,False,False,False,False,,,115,73,160.1,66.6,26.0,89,102.1,158.1,14.4,0.9,Normal,Frequent urination,No major diagnosed condition,Never,Light,Never,6.6,True
555f55ae-3966-4d3c-92e4-2ce94f453ed2,2d88fa8f-58bf-4f57-a7b9-5084e7e84aa1,BD-SYN-000972,50,Male,Bagerhat,True,False,False,False,False,False,False,False,,,116,81,171.9,79.2,26.8,64,95.0,217.2,13.1,0.56,Normal,Fatigue;Headache,No major diagnosed condition,Never,Light,Never,6.4,False
4d36270d-0efe-4990-8d56-54c7e68b52e9,a632347a-6cf6-4933-8340-6a8c5f6b02aa,BD-SYN-000973,72,Female,Narail,False,True,False,True,False,True,False,False,,4,159,91,159.9,62.4,24.4,87,87.4,185.1,13.5,0.96,Normal,Back pain,Hypertension,Never,Light,Never,7.5,True
0135ee24-7b4e-469e-a7ce-5f27e7b7d115,dda01aaa-3c63-46b1-8305-6d2aacdb9e04,BD-SYN-000974,77,Male,Mymensingh,True,True,True,False,False,True,False,False,,,131,98,173.1,65.6,21.9,74,99.5,131.9,13.5,0.75,Normal,Poor sleep,Hypertension,Never,Light,Regular,6.6,True
287662a6-65e8-4b0b-8901-af7a9946908d,b0b48a30-611b-40d3-8a35-c78d349dd119,BD-SYN-000975,29,Male,Kurigram,False,True,False,False,False,True,False,False,Pollen,,128,80,167.2,74.1,26.5,76,88.6,190.8,15.8,1.27,Nonspecific ST-T changes,Dizziness;Headache,Hypertension,Never,Sedentary,Never,6.8,True
044eaf17-11b5-4c3a-adea-585ffe8bd1b1,e0ee0ea7-f699-4dc4-a968-adfb4d5ad64d,BD-SYN-000976,31,Male,Tangail,False,False,False,False,False,False,False,False,,,129,75,171.3,48.4,16.5,70,82.6,163.9,14.4,1.12,Normal,Palpitations,No major diagnosed condition,Never,Light,Never,7.7,True
d9a88ade-dc1d-4bfb-8d8c-a0d528064226,fd97c95f-1652-4529-ac49-bc6a3b55b335,BD-SYN-000977,50,Male,Comilla,False,True,False,False,False,False,False,False,,,102,80,171.1,77.0,26.3,71,80.0,151.2,12.0,0.92,Normal,Dizziness;Headache,No major diagnosed condition,Never,Sedentary,Never,7.9,True
9d11d76a-e96c-40b1-a9cb-6f6e15833b0c,6d7fa0b9-6bd9-4551-945c-4106fb55689c,BD-SYN-000978,60,Female,Barishal,False,False,False,False,False,True,False,False,,3,164,91,151.7,55.0,23.9,70,112.3,195.2,12.2,0.63,Normal,Headache,Hypertension,Never,Moderate,Never,6.9,True
6689b6a9-b2dd-42af-a850-84766fcf6955,7a77fddd-bf8a-4f1d-b83c-11f7360b442c,BD-SYN-000979,24,Female,Dinajpur,True,False,False,False,False,False,False,False,,0,105,88,149.5,37.1,16.6,58,83.3,245.2,14.4,0.76,Normal,Dizziness,No major diagnosed condition,Never,Light,Never,6.6,True
d7dc1b3d-45a2-488b-a7f9-cfb692b5ffc3,0930f994-a7fb-4f6e-87f6-3cca7407ce92,BD-SYN-000980,26,Male,Rangpur,True,False,True,False,False,False,False,False,Pollen,,104,82,159.9,55.5,21.7,84,64.3,206.0,13.6,0.84,Normal,Dizziness,No major diagnosed condition,Never,Active,Never,6.5,False
a6774de0-91a5-4dab-8e43-a37b2a69daa6,7da73c03-abf8-47f2-a211-f760ea0c648e,BD-SYN-000981,68,Male,Munshiganj,True,True,False,False,False,False,False,False,,,120,79,171.9,74.2,25.1,79,70.9,206.6,13.1,0.93,Normal,Poor sleep,No major diagnosed condition,Never,Light,Never,6.5,True
c174504e-5857-40cf-a135-baa034ea593d,dc2d74b9-a8f0-470d-9a64-582a74441eb9,BD-SYN-000982,57,Male,Kushtia,False,True,True,False,False,True,False,False,,,131,84,170.7,79.3,27.2,58,88.7,235.2,12.1,1.22,Normal,Fatigue,Hypertension,Never,Sedentary,Never,6.7,True
c036cf10-7a5f-41dd-b573-2178427cfaf0,ad330770-d50e-455f-b86c-458bf8edaab5,BD-SYN-000983,78,Male,Kurigram,False,True,False,False,False,False,False,False,,,116,73,161.2,57.4,22.1,60,75.2,268.6,16.0,1.08,Normal,Back pain,No major diagnosed condition,Never,Moderate,Never,6.5,True
8c772f89-8dcf-45ed-9ab3-cb5295421635,1cd46c9f-3a98-424b-b853-640e98a3f7cb,BD-SYN-000984,68,Male,Satkhira,False,False,True,False,False,True,False,False,,,165,85,165.9,74.6,27.1,74,82.6,177.8,15.4,0.95,Normal,Dizziness;Headache,Hypertension,Never,Moderate,Never,6.3,False
8041da43-9a48-469b-b6f4-46c342451ee0,eea62ddc-3eee-46da-8755-dbf93f21e848,BD-SYN-000985,19,Male,Sylhet,False,False,False,False,False,True,False,False,,,153,91,165.7,55.7,20.3,77,60,202.3,15.1,0.89,Normal,Palpitations,Hypertension,Never,Light,Never,8.3,True
87f8e9f5-e718-4128-a9cf-856affd7018d,18458447-10ac-4836-b262-65a281acefd9,BD-SYN-000986,25,Female,Khulna,False,False,False,False,False,False,False,False,,1,108,91,152.0,48.7,21.1,75,99.1,202.5,12.0,0.56,Normal,Fatigue;Headache,Elevated blood pressure,Never,Sedentary,Never,6.5,True
4f4dd654-fc36-4b6c-b2dd-58b39bdf8267,1f2782fe-b116-4dcc-96d2-f8b340cfdaca,BD-SYN-000987,73,Female,Patuakhali,True,False,False,False,False,False,False,False,Dust,5,130,82,161.4,64.9,24.9,79,96.8,200.9,13.5,0.87,Nonspecific ST-T changes,Back pain,No major diagnosed condition,Never,Sedentary,Never,8.1,False
a5eef1ef-429c-4edb-a4f6-49453d16d911,1a331c30-28cd-4f33-bbd1-a4bf31ccfa37,BD-SYN-000988,71,Female,Narail,False,True,False,False,True,False,False,False,,5,116,74,161.9,57.1,21.8,78,123.7,205.1,12.2,1.0,Nonspecific ST-T changes,Chest discomfort,Diabetes mellitus,Never,Light,Never,5.4,False
ef4e75ee-b49d-4ffd-885b-84c89b4273a7,71638026-d1a1-4346-ae51-058ec2cb8c35,BD-SYN-000989,77,Female,Bagerhat,False,False,False,True,False,True,True,True,,0,129,92,151.6,53.8,23.4,66,89.1,200.2,15.2,1.01,Abnormal,Palpitations,Hypertension; Cardiovascular disease; History of stroke,Never,Light,Never,5.7,False
1e746644-a8c3-4c5f-8386-5b183f89e618,e5049c20-3428-46c0-aebf-dc2009a6a3f3,BD-SYN-000990,66,Female,Shariatpur,False,False,False,True,False,False,True,False,,2,112,74,157.7,53.5,21.5,70,82.1,217.4,14.4,0.58,Nonspecific ST-T changes,Increased thirst;Frequent urination,Cardiovascular disease,Never,Light,Never,4.8,False
a35409bc-408d-4db3-bb5b-e2d66cbce338,aa691786-358a-4eef-9c23-a599aae48533,BD-SYN-000991,75,Female,Jhalokathi,True,True,False,True,False,True,False,False,,3,146,88,150.2,46.5,20.6,71,94.9,196.9,14.8,0.7,Normal,Dizziness;Headache,Hypertension,Never,Light,Never,6.4,False
c497a70d-e86e-47a1-acae-4146266b0b05,767a6128-8013-4013-b802-fe3a1678f990,BD-SYN-000992,28,Male,Naogaon,False,False,False,False,False,False,False,False,,,108,75,185.0,80.8,23.6,66,92.8,154.9,13.2,1.06,Normal,Chest discomfort,No major diagnosed condition,Never,Moderate,Never,8.3,True
408e2d57-596b-4351-978d-4ae5e5b0321e,07d238fa-eb10-4bd5-ae89-7640da80bdb1,BD-SYN-000993,71,Male,Mymensingh,False,False,False,False,False,False,False,False,,,131,77,179.8,65.3,20.2,78,103.7,184.2,13.9,1.06,Normal,Chest discomfort,No major diagnosed condition,Never,Sedentary,Never,5.2,False
37ce32b7-db20-40f2-87ff-2c9f1ff6a5b1,36dfb021-a278-4e7a-808f-7ea0cb5c8165,BD-SYN-000994,70,Male,Thakurgaon,False,True,True,True,False,False,False,False,,,133,79,165.8,59.7,21.7,69,87.8,188.6,13.5,1.01,Nonspecific ST-T changes,Fatigue;Headache,No major diagnosed condition,Never,Light,Never,5.0,False
475852b6-8cd1-4d23-af14-973dc7f12adb,b7c471a5-f58f-4e93-9612-68008be589bf,BD-SYN-000995,21,Female,Jhenaidah,False,True,False,True,False,False,False,False,Penicillin,0,127,75,144.5,47.2,22.6,71,85.3,155.3,12.4,0.89,Normal,Increased thirst,No major diagnosed condition,Never,Moderate,Never,6.4,False
1b8993e2-a4b3-44a7-814e-29eba236b387,50ad02fc-98a4-4718-95d4-186886726e83,BD-SYN-000996,68,Male,Dhaka,False,False,False,False,True,True,False,False,,,158,100,171.9,72.1,24.4,70,212.9,193.8,13.5,1.18,Sinus bradycardia,Headache,Diabetes mellitus; Hypertension,Never,Sedentary,Never,4.5,False
62cc05d2-c454-4587-9dda-2efb7428edaa,f88efd9e-b89f-4789-bc14-e342dbc46cf8,BD-SYN-000997,56,Male,Comilla,True,True,False,False,True,True,False,False,,,145,97,166.6,80.5,29.0,73,141.2,272.8,14.3,0.82,Normal,Increased thirst,Diabetes mellitus; Hypertension,Never,Sedentary,Never,7.1,True
2f3f7096-24d6-436d-ae94-8d301aac3345,1b61468c-5e21-4b16-a805-016e2e76ccca,BD-SYN-000998,63,Male,Brahmanbaria,False,True,True,False,False,True,False,False,,,147,85,170.9,48.5,16.6,79,98.5,212.2,14.2,0.95,Normal,Frequent urination,Hypertension,Never,Active,Never,6.2,False
dc54b0ad-9f5f-42f6-8d05-981cb3fe4829,9f3cfb95-0acc-43ed-80b7-5f2737c3b2bc,BD-SYN-000999,27,Male,Narayanganj,False,True,False,False,False,False,False,False,,,123,81,180.0,64.8,20.0,50,85.6,143.8,13.9,1.19,Normal,Poor sleep,No major diagnosed condition,Never,Moderate,Never,8.0,True
81ccc8ca-9d7f-41f4-b6cd-699f46cce9b5,993e3913-8b50-476f-8d00-3ac415c5806d,BD-SYN-001000,21,Male,Manikganj,True,False,False,False,False,False,False,False,,,120,79,183.9,85.9,25.4,63,100.7,181.5,13.3,0.92,Normal,Fatigue,No major diagnosed condition,Never,Light,Never,7.6,True
